table_name,table_description,column_name,ordinal_position,data_type,character_maximum_length,is_nullable,column_default,column_description,is_primary_key,foreign_key_references
damages,Damage to prison property recorded on a draft adjudication. Copied to reported_damages on submission.,id,1,integer,,NO,nextval('damages_id_seq'::regclass),,Y,
damages,Damage to prison property recorded on a draft adjudication. Copied to reported_damages on submission.,draft_adjudication_fk_id,2,bigint,,YES,,Foreign key to draft_adjudications.,N,draft_adjudications
damages,Damage to prison property recorded on a draft adjudication. Copied to reported_damages on submission.,code,3,character varying,32,NO,,"Type of damage. One of ELECTRICAL_REPAIR, PLUMBING_REPAIR, FURNITURE_OR_FABRIC_REPAIR, LOCK_REPAIR, REDECORATION, CLEANING, REPLACE_AN_ITEM.",N,
damages,Damage to prison property recorded on a draft adjudication. Copied to reported_damages on submission.,details,4,character varying,4000,NO,,Free text description of the damage.,N,
damages,Damage to prison property recorded on a draft adjudication. Copied to reported_damages on submission.,reporter,5,character varying,32,NO,,DPS username of the officer who recorded this entry.,N,
damages,Damage to prison property recorded on a draft adjudication. Copied to reported_damages on submission.,create_user_id,6,character varying,32,NO,,,N,
damages,Damage to prison property recorded on a draft adjudication. Copied to reported_damages on submission.,create_datetime,7,timestamp without time zone,,NO,,,N,
damages,Damage to prison property recorded on a draft adjudication. Copied to reported_damages on submission.,modify_user_id,8,character varying,32,YES,,,N,
damages,Damage to prison property recorded on a draft adjudication. Copied to reported_damages on submission.,modify_datetime,9,timestamp without time zone,,YES,,,N,
dis_issue_history,Full history of issuing the notice of being placed on report (DIS1/2) to the prisoner. The most recent issue is also denormalised onto reported_adjudications.,id,1,integer,,NO,nextval('dis_issue_history_id_seq'::regclass),,Y,
dis_issue_history,Full history of issuing the notice of being placed on report (DIS1/2) to the prisoner. The most recent issue is also denormalised onto reported_adjudications.,reported_adjudication_fk_id,2,bigint,,YES,,Foreign key to reported_adjudications.,N,reported_adjudications
dis_issue_history,Full history of issuing the notice of being placed on report (DIS1/2) to the prisoner. The most recent issue is also denormalised onto reported_adjudications.,issuing_officer,3,character varying,32,YES,,DPS username of the officer who issued the form.,N,
dis_issue_history,Full history of issuing the notice of being placed on report (DIS1/2) to the prisoner. The most recent issue is also denormalised onto reported_adjudications.,date_time_of_issue,4,timestamp without time zone,,YES,,When the form was issued to the prisoner.,N,
dis_issue_history,Full history of issuing the notice of being placed on report (DIS1/2) to the prisoner. The most recent issue is also denormalised onto reported_adjudications.,create_user_id,5,character varying,32,NO,,,N,
dis_issue_history,Full history of issuing the notice of being placed on report (DIS1/2) to the prisoner. The most recent issue is also denormalised onto reported_adjudications.,create_datetime,6,timestamp without time zone,,NO,,,N,
dis_issue_history,Full history of issuing the notice of being placed on report (DIS1/2) to the prisoner. The most recent issue is also denormalised onto reported_adjudications.,modify_user_id,7,character varying,32,YES,,,N,
dis_issue_history,Full history of issuing the notice of being placed on report (DIS1/2) to the prisoner. The most recent issue is also denormalised onto reported_adjudications.,modify_datetime,8,timestamp without time zone,,YES,,,N,
draft_adjudications,"A report being written by a reporting officer, before it is submitted for review. Rows are deleted once the draft is submitted and copied into reported_adjudications, so this table holds work in progress only and is not a historic record.",id,1,integer,,NO,nextval('draft_adjudications_id_seq'::regclass),,Y,
draft_adjudications,"A report being written by a reporting officer, before it is submitted for review. Rows are deleted once the draft is submitted and copied into reported_adjudications, so this table holds work in progress only and is not a historic record.",prisoner_number,2,character varying,7,NO,,NOMIS offender number (noms id) of the prisoner the charge is against.,N,
draft_adjudications,"A report being written by a reporting officer, before it is submitted for review. Rows are deleted once the draft is submitted and copied into reported_adjudications, so this table holds work in progress only and is not a historic record.",incident_details_id,3,integer,,YES,,Foreign key to incident_details.,N,incident_details
draft_adjudications,"A report being written by a reporting officer, before it is submitted for review. Rows are deleted once the draft is submitted and copied into reported_adjudications, so this table holds work in progress only and is not a historic record.",incident_statement_id,4,integer,,YES,,Foreign key to incident_statement.,N,incident_statement
draft_adjudications,"A report being written by a reporting officer, before it is submitted for review. Rows are deleted once the draft is submitted and copied into reported_adjudications, so this table holds work in progress only and is not a historic record.",create_user_id,5,character varying,32,NO,,,N,
draft_adjudications,"A report being written by a reporting officer, before it is submitted for review. Rows are deleted once the draft is submitted and copied into reported_adjudications, so this table holds work in progress only and is not a historic record.",create_datetime,6,timestamp without time zone,,NO,,,N,
draft_adjudications,"A report being written by a reporting officer, before it is submitted for review. Rows are deleted once the draft is submitted and copied into reported_adjudications, so this table holds work in progress only and is not a historic record.",modify_user_id,7,character varying,32,YES,,,N,
draft_adjudications,"A report being written by a reporting officer, before it is submitted for review. Rows are deleted once the draft is submitted and copied into reported_adjudications, so this table holds work in progress only and is not a historic record.",modify_datetime,8,timestamp without time zone,,YES,,,N,
draft_adjudications,"A report being written by a reporting officer, before it is submitted for review. Rows are deleted once the draft is submitted and copied into reported_adjudications, so this table holds work in progress only and is not a historic record.",originating_agency_id,9,character varying,6,NO,'MDI'::character varying,Agency (prison) code where the incident was reported.,N,
draft_adjudications,"A report being written by a reporting officer, before it is submitted for review. Rows are deleted once the draft is submitted and copied into reported_adjudications, so this table holds work in progress only and is not a historic record.",charge_number,10,character varying,16,YES,,"Charge number, populated only once the draft has been submitted and a reported adjudication exists. Format is <agency><6 digit sequence>, optionally suffixed -<n> for additional charges on the same incident.",N,
draft_adjudications,"A report being written by a reporting officer, before it is submitted for review. Rows are deleted once the draft is submitted and copied into reported_adjudications, so this table holds work in progress only and is not a historic record.",report_by_user_id,11,character varying,32,YES,,DPS username of the officer who submitted the report. Null while the draft is unsubmitted.,N,
draft_adjudications,"A report being written by a reporting officer, before it is submitted for review. Rows are deleted once the draft is submitted and copied into reported_adjudications, so this table holds work in progress only and is not a historic record.",incident_role_id,12,integer,,YES,,Foreign key to incident_role.,N,incident_role
draft_adjudications,"A report being written by a reporting officer, before it is submitted for review. Rows are deleted once the draft is submitted and copied into reported_adjudications, so this table holds work in progress only and is not a historic record.",is_youth_offender,13,boolean,,YES,,True when the YOI rule set applies rather than the adult rule set. Determines which offence paragraphs and hearing types are valid.,N,
draft_adjudications,"A report being written by a reporting officer, before it is submitted for review. Rows are deleted once the draft is submitted and copied into reported_adjudications, so this table holds work in progress only and is not a historic record.",damages_saved,14,boolean,,YES,,"True once the reporter has completed the damages page, including confirming there were none. Distinguishes ""no damages"" from ""not yet asked"".",N,
draft_adjudications,"A report being written by a reporting officer, before it is submitted for review. Rows are deleted once the draft is submitted and copied into reported_adjudications, so this table holds work in progress only and is not a historic record.",evidence_saved,15,boolean,,YES,,"True once the reporter has completed the evidence page, including confirming there was none.",N,
draft_adjudications,"A report being written by a reporting officer, before it is submitted for review. Rows are deleted once the draft is submitted and copied into reported_adjudications, so this table holds work in progress only and is not a historic record.",witnesses_saved,16,boolean,,YES,,"True once the reporter has completed the witnesses page, including confirming there were none.",N,
draft_adjudications,"A report being written by a reporting officer, before it is submitted for review. Rows are deleted once the draft is submitted and copied into reported_adjudications, so this table holds work in progress only and is not a historic record.",gender,17,character varying,12,NO,'MALE'::character varying,"Prisoner gender, used to select the correct wording of offence paragraphs. One of MALE, FEMALE.",N,
draft_adjudications,"A report being written by a reporting officer, before it is submitted for review. Rows are deleted once the draft is submitted and copied into reported_adjudications, so this table holds work in progress only and is not a historic record.",override_agency_id,18,character varying,6,YES,,Agency code the prisoner has since transferred to. Set when the report needs to be actioned by the receiving prison.,N,
draft_adjudications,"A report being written by a reporting officer, before it is submitted for review. Rows are deleted once the draft is submitted and copied into reported_adjudications, so this table holds work in progress only and is not a historic record.",created_on_behalf_of_officer,19,character varying,32,YES,,"Name of the officer the report was created on behalf of, when someone else entered it for them.",N,
draft_adjudications,"A report being written by a reporting officer, before it is submitted for review. Rows are deleted once the draft is submitted and copied into reported_adjudications, so this table holds work in progress only and is not a historic record.",created_on_behalf_of_reason,20,character varying,4000,YES,,Reason the report was created on behalf of another officer.,N,
draft_adjudications,"A report being written by a reporting officer, before it is submitted for review. Rows are deleted once the draft is submitted and copied into reported_adjudications, so this table holds work in progress only and is not a historic record.",offender_booking_id,21,bigint,,YES,,NOMIS OFFENDER_BOOK_ID for the prisoner's booking at the time of the incident.,N,
draft_protected_characteristics,"Protected characteristics of the victim recorded as motivating the offence, on a draft adjudication. Copied to protected_characteristics on submission.",id,1,integer,,NO,nextval('draft_protected_characteristics_id_seq'::regclass),,Y,
draft_protected_characteristics,"Protected characteristics of the victim recorded as motivating the offence, on a draft adjudication. Copied to protected_characteristics on submission.",offence_fk_id,2,bigint,,YES,,Foreign key to offence.,N,offence
draft_protected_characteristics,"Protected characteristics of the victim recorded as motivating the offence, on a draft adjudication. Copied to protected_characteristics on submission.",characteristic,3,character varying,20,NO,,"One of AGE, DISABILITY, GENDER_REASSIGN, MARRIAGE_AND_CP, PREGNANCY_AND_MAT, RACE, RELIGION, SEX, SEX_ORIENTATION.",N,
draft_protected_characteristics,"Protected characteristics of the victim recorded as motivating the offence, on a draft adjudication. Copied to protected_characteristics on submission.",create_user_id,4,character varying,32,NO,,,N,
draft_protected_characteristics,"Protected characteristics of the victim recorded as motivating the offence, on a draft adjudication. Copied to protected_characteristics on submission.",create_datetime,5,timestamp without time zone,,NO,,,N,
draft_protected_characteristics,"Protected characteristics of the victim recorded as motivating the offence, on a draft adjudication. Copied to protected_characteristics on submission.",modify_user_id,6,character varying,32,YES,,,N,
draft_protected_characteristics,"Protected characteristics of the victim recorded as motivating the offence, on a draft adjudication. Copied to protected_characteristics on submission.",modify_datetime,7,timestamp without time zone,,YES,,,N,
evidence,Evidence recorded on a draft adjudication. Copied to reported_evidence on submission.,id,1,integer,,NO,nextval('evidence_id_seq'::regclass),,Y,
evidence,Evidence recorded on a draft adjudication. Copied to reported_evidence on submission.,draft_adjudication_fk_id,2,bigint,,YES,,Foreign key to draft_adjudications.,N,draft_adjudications
evidence,Evidence recorded on a draft adjudication. Copied to reported_evidence on submission.,code,3,character varying,32,NO,,"Type of evidence. One of PHOTO, BODY_WORN_CAMERA, CCTV, BAGGED_AND_TAGGED, OTHER.",N,
evidence,Evidence recorded on a draft adjudication. Copied to reported_evidence on submission.,identifier,4,character varying,32,YES,,"Reference number for the evidence, such as a body worn camera or seal number.",N,
evidence,Evidence recorded on a draft adjudication. Copied to reported_evidence on submission.,details,5,character varying,4000,NO,,Free text description of the evidence.,N,
evidence,Evidence recorded on a draft adjudication. Copied to reported_evidence on submission.,reporter,6,character varying,32,NO,,DPS username of the officer who recorded this entry.,N,
evidence,Evidence recorded on a draft adjudication. Copied to reported_evidence on submission.,create_user_id,7,character varying,32,NO,,,N,
evidence,Evidence recorded on a draft adjudication. Copied to reported_evidence on submission.,create_datetime,8,timestamp without time zone,,NO,,,N,
evidence,Evidence recorded on a draft adjudication. Copied to reported_evidence on submission.,modify_user_id,9,character varying,32,YES,,,N,
evidence,Evidence recorded on a draft adjudication. Copied to reported_evidence on submission.,modify_datetime,10,timestamp without time zone,,YES,,,N,
hearing,"A scheduled or held adjudication hearing. A charge can have several hearings, for example where the first is adjourned. The ordered case history shown in the UI is assembled from this table and outcome by ReportedAdjudicationService.createOutcomeHistory().",id,1,integer,,NO,nextval('hearing_id_seq'::regclass),,Y,
hearing,"A scheduled or held adjudication hearing. A charge can have several hearings, for example where the first is adjourned. The ordered case history shown in the UI is assembled from this table and outcome by ReportedAdjudicationService.createOutcomeHistory().",reported_adjudication_fk_id,2,bigint,,YES,,Foreign key to reported_adjudications.,N,reported_adjudications
hearing,"A scheduled or held adjudication hearing. A charge can have several hearings, for example where the first is adjourned. The ordered case history shown in the UI is assembled from this table and outcome by ReportedAdjudicationService.createOutcomeHistory().",agency_id,3,character varying,6,NO,,Agency (prison) code where the hearing takes place. May differ from the charge's originating agency after a transfer.,N,
hearing,"A scheduled or held adjudication hearing. A charge can have several hearings, for example where the first is adjourned. The ordered case history shown in the UI is assembled from this table and outcome by ReportedAdjudicationService.createOutcomeHistory().",location_id,5,bigint,,YES,,Legacy NOMIS internal location id of the hearing room. Superseded by location_uuid.,N,
hearing,"A scheduled or held adjudication hearing. A charge can have several hearings, for example where the first is adjourned. The ordered case history shown in the UI is assembled from this table and outcome by ReportedAdjudicationService.createOutcomeHistory().",date_time_of_hearing,6,timestamp without time zone,,NO,,"When the hearing is scheduled for, or was held.",N,
hearing,"A scheduled or held adjudication hearing. A charge can have several hearings, for example where the first is adjourned. The ordered case history shown in the UI is assembled from this table and outcome by ReportedAdjudicationService.createOutcomeHistory().",create_user_id,7,character varying,32,NO,,,N,
hearing,"A scheduled or held adjudication hearing. A charge can have several hearings, for example where the first is adjourned. The ordered case history shown in the UI is assembled from this table and outcome by ReportedAdjudicationService.createOutcomeHistory().",create_datetime,8,timestamp without time zone,,NO,,,N,
hearing,"A scheduled or held adjudication hearing. A charge can have several hearings, for example where the first is adjourned. The ordered case history shown in the UI is assembled from this table and outcome by ReportedAdjudicationService.createOutcomeHistory().",modify_user_id,9,character varying,32,YES,,,N,
hearing,"A scheduled or held adjudication hearing. A charge can have several hearings, for example where the first is adjourned. The ordered case history shown in the UI is assembled from this table and outcome by ReportedAdjudicationService.createOutcomeHistory().",modify_datetime,10,timestamp without time zone,,YES,,,N,
hearing,"A scheduled or held adjudication hearing. A charge can have several hearings, for example where the first is adjourned. The ordered case history shown in the UI is assembled from this table and outcome by ReportedAdjudicationService.createOutcomeHistory().",charge_number,11,character varying,16,NO,,"Charge number of the parent adjudication, denormalised for lookup.",N,
hearing,"A scheduled or held adjudication hearing. A charge can have several hearings, for example where the first is adjourned. The ordered case history shown in the UI is assembled from this table and outcome by ReportedAdjudicationService.createOutcomeHistory().",oic_hearing_id,12,bigint,,YES,,NOMIS OIC_HEARING_ID. Populated for migrated hearings and for hearings synchronised back to NOMIS.,N,
hearing,"A scheduled or held adjudication hearing. A charge can have several hearings, for example where the first is adjourned. The ordered case history shown in the UI is assembled from this table and outcome by ReportedAdjudicationService.createOutcomeHistory().",oic_hearing_type,13,character varying,32,NO,'GOV'::character varying,"Who hears the case, and under which rule set. One of GOV_ADULT, GOV_YOI, INAD_ADULT, INAD_YOI, GOV. GOV = governor, INAD = independent adjudicator.",N,
hearing,"A scheduled or held adjudication hearing. A charge can have several hearings, for example where the first is adjourned. The ordered case history shown in the UI is assembled from this table and outcome by ReportedAdjudicationService.createOutcomeHistory().",outcome_id,14,integer,,YES,,Foreign key to hearing_outcome. Null while the hearing is scheduled but not yet held.,N,hearing_outcome
hearing,"A scheduled or held adjudication hearing. A charge can have several hearings, for example where the first is adjourned. The ordered case history shown in the UI is assembled from this table and outcome by ReportedAdjudicationService.createOutcomeHistory().",hearing_pre_migrate_id,16,integer,,YES,,Legacy column from the NOMIS migration. The table it referenced was dropped in V91 and it is no longer populated.,N,
hearing,"A scheduled or held adjudication hearing. A charge can have several hearings, for example where the first is adjourned. The ordered case history shown in the UI is assembled from this table and outcome by ReportedAdjudicationService.createOutcomeHistory().",representative,17,character varying,240,YES,,"Name of the prisoner's representative at the hearing, where they had one.",N,
hearing,"A scheduled or held adjudication hearing. A charge can have several hearings, for example where the first is adjourned. The ordered case history shown in the UI is assembled from this table and outcome by ReportedAdjudicationService.createOutcomeHistory().",location_uuid,19,uuid,,NO,,Location identifier in the locations-inside-prison service. This is the current location reference.,N,
hearing_outcome,What happened at a hearing. One row per hearing that has been held.,id,1,integer,,NO,nextval('hearing_outcome_id_seq'::regclass),,Y,
hearing_outcome,What happened at a hearing. One row per hearing that has been held.,code,2,character varying,32,NO,,"What the adjudicator did. One of COMPLETE (a finding was reached - see the linked outcome row for what it was), ADJOURN, REFER_POLICE, REFER_INAD, REFER_GOV, NOMIS (outcome was entered in NOMIS rather than DPS).",N,
hearing_outcome,What happened at a hearing. One row per hearing that has been held.,adjudicator,3,character varying,32,NO,,Name or username of the governor or independent adjudicator who heard the case.,N,
hearing_outcome,What happened at a hearing. One row per hearing that has been held.,adjourn_reason,4,character varying,32,YES,,"Why the hearing was adjourned. One of LEGAL_ADVICE, LEGAL_REPRESENTATION, RO_ATTEND, HELP, UNFIT, WITNESS, WITNESS_SUPPORT, MCKENZIE, EVIDENCE, INVESTIGATION, OTHER. Null unless code is ADJOURN.",N,
hearing_outcome,What happened at a hearing. One row per hearing that has been held.,plea,5,character varying,32,YES,,"The prisoner's plea. One of GUILTY, NOT_GUILTY, ABSTAIN, UNFIT, NOT_ASKED.",N,
hearing_outcome,What happened at a hearing. One row per hearing that has been held.,details,6,character varying,4000,YES,,Free text notes recorded against the hearing outcome.,N,
hearing_outcome,What happened at a hearing. One row per hearing that has been held.,create_user_id,7,character varying,32,NO,,,N,
hearing_outcome,What happened at a hearing. One row per hearing that has been held.,create_datetime,8,timestamp without time zone,,NO,,,N,
hearing_outcome,What happened at a hearing. One row per hearing that has been held.,modify_user_id,9,character varying,32,YES,,,N,
hearing_outcome,What happened at a hearing. One row per hearing that has been held.,modify_datetime,10,timestamp without time zone,,YES,,,N,
hearing_outcome,What happened at a hearing. One row per hearing that has been held.,nomis_outcome,12,boolean,,NO,false,"True when the outcome was recorded in NOMIS rather than DPS, so DPS holds only a placeholder.",N,
hearing_outcome,What happened at a hearing. One row per hearing that has been held.,migrated,13,boolean,,NO,false,True when the row was created by the NOMIS migration.,N,
hearing_outcome,What happened at a hearing. One row per hearing that has been held.,hearing_outcome_pre_migrate_id,14,integer,,YES,,Legacy column from the NOMIS migration. The table it referenced was dropped in V91 and it is no longer populated.,N,
incident_details,"When and where the incident happened, for a draft adjudication. One row per draft.",id,1,integer,,NO,nextval('incident_details_id_seq'::regclass),,Y,
incident_details,"When and where the incident happened, for a draft adjudication. One row per draft.",date_time_of_incident,2,timestamp without time zone,,YES,,When the incident occurred.,N,
incident_details,"When and where the incident happened, for a draft adjudication. One row per draft.",location_id,3,bigint,,YES,,Legacy NOMIS internal location id (AGENCY_INTERNAL_LOCATIONS.INTERNAL_LOCATION_ID). Superseded by location_uuid.,N,
incident_details,"When and where the incident happened, for a draft adjudication. One row per draft.",create_user_id,4,character varying,32,NO,,,N,
incident_details,"When and where the incident happened, for a draft adjudication. One row per draft.",create_datetime,5,timestamp without time zone,,NO,,,N,
incident_details,"When and where the incident happened, for a draft adjudication. One row per draft.",modify_user_id,6,character varying,32,YES,,,N,
incident_details,"When and where the incident happened, for a draft adjudication. One row per draft.",modify_datetime,7,timestamp without time zone,,YES,,,N,
incident_details,"When and where the incident happened, for a draft adjudication. One row per draft.",handover_deadline,8,timestamp without time zone,,YES,,"Deadline for issuing the notice of report to the prisoner, calculated as 48 hours after discovery.",N,
incident_details,"When and where the incident happened, for a draft adjudication. One row per draft.",date_time_of_discovery,9,timestamp without time zone,,NO,,When the incident was discovered. Equal to the incident date unless it was found later; the 48 hour notice clock runs from here.,N,
incident_details,"When and where the incident happened, for a draft adjudication. One row per draft.",location_uuid,10,uuid,,NO,,Location identifier in the locations-inside-prison service. This is the current location reference.,N,
incident_role,"The prisoner's role in the incident for a draft adjudication - whether they committed the offence themselves or attempted, incited or assisted another. One row per draft.",id,1,integer,,NO,nextval('incident_role_id_seq'::regclass),,Y,
incident_role,"The prisoner's role in the incident for a draft adjudication - whether they committed the offence themselves or attempted, incited or assisted another. One row per draft.",role_code,2,character varying,5,YES,,"Paragraph 25 role code. Null means the prisoner committed the offence alone. 25a = attempts to commit, 25b = incites another to commit, 25c = assists another to commit.",N,
incident_role,"The prisoner's role in the incident for a draft adjudication - whether they committed the offence themselves or attempted, incited or assisted another. One row per draft.",associated_prisoners_number,3,character varying,7,YES,,"NOMIS offender number of the other prisoner involved, where the role code requires one.",N,
incident_role,"The prisoner's role in the incident for a draft adjudication - whether they committed the offence themselves or attempted, incited or assisted another. One row per draft.",create_user_id,4,character varying,32,NO,,,N,
incident_role,"The prisoner's role in the incident for a draft adjudication - whether they committed the offence themselves or attempted, incited or assisted another. One row per draft.",create_datetime,5,timestamp without time zone,,NO,,,N,
incident_role,"The prisoner's role in the incident for a draft adjudication - whether they committed the offence themselves or attempted, incited or assisted another. One row per draft.",modify_user_id,6,character varying,32,YES,,,N,
incident_role,"The prisoner's role in the incident for a draft adjudication - whether they committed the offence themselves or attempted, incited or assisted another. One row per draft.",modify_datetime,7,timestamp without time zone,,YES,,,N,
incident_role,"The prisoner's role in the incident for a draft adjudication - whether they committed the offence themselves or attempted, incited or assisted another. One row per draft.",associated_prisoners_name,8,character varying,100,YES,,"Name of the other prisoner involved, held where they are not in the current establishment and cannot be looked up.",N,
incident_statement,"The reporting officer's free text account of the incident, for a draft adjudication. One row per draft.",id,1,integer,,NO,nextval('incident_statement_id_seq'::regclass),,Y,
incident_statement,"The reporting officer's free text account of the incident, for a draft adjudication. One row per draft.",statement,2,character varying,4000,YES,,"Free text description of the incident, up to 4000 characters.",N,
incident_statement,"The reporting officer's free text account of the incident, for a draft adjudication. One row per draft.",create_user_id,3,character varying,32,NO,,,N,
incident_statement,"The reporting officer's free text account of the incident, for a draft adjudication. One row per draft.",create_datetime,4,timestamp without time zone,,NO,,,N,
incident_statement,"The reporting officer's free text account of the incident, for a draft adjudication. One row per draft.",modify_user_id,5,character varying,32,YES,,,N,
incident_statement,"The reporting officer's free text account of the incident, for a draft adjudication. One row per draft.",modify_datetime,6,timestamp without time zone,,YES,,,N,
incident_statement,"The reporting officer's free text account of the incident, for a draft adjudication. One row per draft.",completed,7,boolean,,YES,,True once the reporter has marked the statement as finished.,N,
offence,The offence selected for a draft adjudication. In practice there is one row per draft; multiple offences are raised as separate charges.,id,1,integer,,NO,nextval('offence_id_seq'::regclass),,Y,
offence,The offence selected for a draft adjudication. In practice there is one row per draft; multiple offences are raised as separate charges.,draft_adjudication_fk_id,2,bigint,,YES,,Foreign key to draft_adjudications.,N,draft_adjudications
offence,The offence selected for a draft adjudication. In practice there is one row per draft; multiple offences are raised as separate charges.,offence_code,3,integer,,NO,,"Internal DPS offence code (an integer, not the Prison Rules paragraph). Resolved in application code by OffenceCodeLookupService against the OffenceCodes enum - there is no reference table in this database. See the reference-data export for the full code list.",N,
offence,The offence selected for a draft adjudication. In practice there is one row per draft; multiple offences are raised as separate charges.,victim_prisoners_number,4,character varying,7,YES,,"NOMIS offender number of the prisoner victim, for offences that have one.",N,
offence,The offence selected for a draft adjudication. In practice there is one row per draft; multiple offences are raised as separate charges.,create_user_id,5,character varying,32,NO,,,N,
offence,The offence selected for a draft adjudication. In practice there is one row per draft; multiple offences are raised as separate charges.,create_datetime,6,timestamp without time zone,,NO,,,N,
offence,The offence selected for a draft adjudication. In practice there is one row per draft; multiple offences are raised as separate charges.,modify_user_id,7,character varying,32,YES,,,N,
offence,The offence selected for a draft adjudication. In practice there is one row per draft; multiple offences are raised as separate charges.,modify_datetime,8,timestamp without time zone,,YES,,,N,
offence,The offence selected for a draft adjudication. In practice there is one row per draft; multiple offences are raised as separate charges.,victim_staff_username,9,character varying,30,YES,,"DPS username of the staff victim, for offences that have one.",N,
offence,The offence selected for a draft adjudication. In practice there is one row per draft; multiple offences are raised as separate charges.,victim_other_persons_name,10,character varying,100,YES,,Name of a victim who is neither a prisoner nor staff (for example a visitor).,N,
outcome,"A finding or decision on a charge. Some outcomes follow a hearing, others are recorded without one (for example referring to the police before any hearing). Ordering is by actual_created_date where set, otherwise create_datetime.",id,1,integer,,NO,nextval('outcome_id_seq'::regclass),,Y,
outcome,"A finding or decision on a charge. Some outcomes follow a hearing, others are recorded without one (for example referring to the police before any hearing). Ordering is by actual_created_date where set, otherwise create_datetime.",code,2,character varying,32,NO,,"The finding or decision. One of REFER_POLICE, REFER_INAD, REFER_GOV, NOT_PROCEED, DISMISSED, PROSECUTION, SCHEDULE_HEARING, CHARGE_PROVED, QUASHED. CHARGE_PROVED is the outcome that allows punishments to be awarded; QUASHED revokes them.",N,
outcome,"A finding or decision on a charge. Some outcomes follow a hearing, others are recorded without one (for example referring to the police before any hearing). Ordering is by actual_created_date where set, otherwise create_datetime.",not_proceed_reason,3,character varying,32,YES,,"Why the charge was not proceeded with. One of ANOTHER_WAY, RELEASED, WITNESS_NOT_ATTEND, UNFIT, FLAWED, EXPIRED_NOTICE, EXPIRED_HEARING, NOT_FAIR, OTHER. Null unless code is NOT_PROCEED.",N,
outcome,"A finding or decision on a charge. Some outcomes follow a hearing, others are recorded without one (for example referring to the police before any hearing). Ordering is by actual_created_date where set, otherwise create_datetime.",details,4,character varying,4000,YES,,Free text supporting the outcome.,N,
outcome,"A finding or decision on a charge. Some outcomes follow a hearing, others are recorded without one (for example referring to the police before any hearing). Ordering is by actual_created_date where set, otherwise create_datetime.",create_user_id,5,character varying,32,NO,,,N,
outcome,"A finding or decision on a charge. Some outcomes follow a hearing, others are recorded without one (for example referring to the police before any hearing). Ordering is by actual_created_date where set, otherwise create_datetime.",create_datetime,6,timestamp without time zone,,NO,,,N,
outcome,"A finding or decision on a charge. Some outcomes follow a hearing, others are recorded without one (for example referring to the police before any hearing). Ordering is by actual_created_date where set, otherwise create_datetime.",modify_user_id,7,character varying,32,YES,,,N,
outcome,"A finding or decision on a charge. Some outcomes follow a hearing, others are recorded without one (for example referring to the police before any hearing). Ordering is by actual_created_date where set, otherwise create_datetime.",modify_datetime,8,timestamp without time zone,,YES,,,N,
outcome,"A finding or decision on a charge. Some outcomes follow a hearing, others are recorded without one (for example referring to the police before any hearing). Ordering is by actual_created_date where set, otherwise create_datetime.",reported_adjudication_fk_id,9,bigint,,YES,,Foreign key to reported_adjudications.,N,reported_adjudications
outcome,"A finding or decision on a charge. Some outcomes follow a hearing, others are recorded without one (for example referring to the police before any hearing). Ordering is by actual_created_date where set, otherwise create_datetime.",quashed_reason,12,character varying,32,YES,,"Why the charge was quashed. One of FLAWED_CASE, JUDICIAL_REVIEW, APPEAL_UPHELD, OTHER. Null unless code is QUASHED.",N,
outcome,"A finding or decision on a charge. Some outcomes follow a hearing, others are recorded without one (for example referring to the police before any hearing). Ordering is by actual_created_date where set, otherwise create_datetime.",oic_hearing_id,13,bigint,,YES,,"NOMIS OIC_HEARING_ID the outcome relates to, where the outcome came from or was synchronised to NOMIS.",N,
outcome,"A finding or decision on a charge. Some outcomes follow a hearing, others are recorded without one (for example referring to the police before any hearing). Ordering is by actual_created_date where set, otherwise create_datetime.",deleted,14,boolean,,YES,,"Soft delete flag. Rows where this is true are excluded from the case history and from status calculation; queries must filter on ""deleted is not true"".",N,
outcome,"A finding or decision on a charge. Some outcomes follow a hearing, others are recorded without one (for example referring to the police before any hearing). Ordering is by actual_created_date where set, otherwise create_datetime.",actual_created_date,15,timestamp without time zone,,YES,,"The real date the outcome was reached, as opposed to create_datetime which for migrated records is the date of the migration run. Use this for chronology.",N,
outcome,"A finding or decision on a charge. Some outcomes follow a hearing, others are recorded without one (for example referring to the police before any hearing). Ordering is by actual_created_date where set, otherwise create_datetime.",migrated,16,boolean,,NO,false,True when the row was created by the NOMIS migration.,N,
outcome,"A finding or decision on a charge. Some outcomes follow a hearing, others are recorded without one (for example referring to the police before any hearing). Ordering is by actual_created_date where set, otherwise create_datetime.",refer_gov_reason,17,character varying,32,YES,,"Why the case was referred to the governor. One of REVIEW_FOR_REFER_POLICE, GOV_INQUIRY, OTHER. Null unless code is REFER_GOV.",N,
protected_characteristics,"Protected characteristics of the victim recorded as motivating the offence, on a submitted adjudication.",id,1,integer,,NO,nextval('protected_characteristics_id_seq'::regclass),,Y,
protected_characteristics,"Protected characteristics of the victim recorded as motivating the offence, on a submitted adjudication.",reported_offence_fk_id,2,bigint,,YES,,Foreign key to reported_offence.,N,reported_offence
protected_characteristics,"Protected characteristics of the victim recorded as motivating the offence, on a submitted adjudication.",characteristic,3,character varying,20,NO,,"One of AGE, DISABILITY, GENDER_REASSIGN, MARRIAGE_AND_CP, PREGNANCY_AND_MAT, RACE, RELIGION, SEX, SEX_ORIENTATION.",N,
protected_characteristics,"Protected characteristics of the victim recorded as motivating the offence, on a submitted adjudication.",create_user_id,4,character varying,32,NO,,,N,
protected_characteristics,"Protected characteristics of the victim recorded as motivating the offence, on a submitted adjudication.",create_datetime,5,timestamp without time zone,,NO,,,N,
protected_characteristics,"Protected characteristics of the victim recorded as motivating the offence, on a submitted adjudication.",modify_user_id,6,character varying,32,YES,,,N,
protected_characteristics,"Protected characteristics of the victim recorded as motivating the offence, on a submitted adjudication.",modify_datetime,7,timestamp without time zone,,YES,,,N,
punishment,A punishment (NOMIS calls these awards or sanctions) given on a charge where the outcome was CHARGE_PROVED. The duration or amount is not held here but on the linked punishment_schedule rows. ADDITIONAL_DAYS and PROSPECTIVE_DAYS punishments are the added days that feed sentence calculation via the adjustments service.,id,1,integer,,NO,nextval('punishment_id_seq'::regclass),,Y,
punishment,A punishment (NOMIS calls these awards or sanctions) given on a charge where the outcome was CHARGE_PROVED. The duration or amount is not held here but on the linked punishment_schedule rows. ADDITIONAL_DAYS and PROSPECTIVE_DAYS punishments are the added days that feed sentence calculation via the adjustments service.,reported_adjudication_fk_id,2,bigint,,YES,,Foreign key to reported_adjudications.,N,reported_adjudications
punishment,A punishment (NOMIS calls these awards or sanctions) given on a charge where the outcome was CHARGE_PROVED. The duration or amount is not held here but on the linked punishment_schedule rows. ADDITIONAL_DAYS and PROSPECTIVE_DAYS punishments are the added days that feed sentence calculation via the adjustments service.,type,3,character varying,32,NO,,"Type of punishment. One of PRIVILEGE (loss of privileges - see privilege_type), EARNINGS (stoppage of earnings - see stoppage_percentage), CONFINEMENT (cellular confinement), REMOVAL_ACTIVITY, EXCLUSION_WORK, EXTRA_WORK, REMOVAL_WING, ADDITIONAL_DAYS (added days awarded, ADA), PROSPECTIVE_DAYS (prospective added days, PADA - awarded where the prisoner is not yet sentenced), CAUTION, DAMAGES_OWED (money owed for damage - see amount), PAYBACK (payback punishment, measured in hours).",N,
punishment,A punishment (NOMIS calls these awards or sanctions) given on a charge where the outcome was CHARGE_PROVED. The duration or amount is not held here but on the linked punishment_schedule rows. ADDITIONAL_DAYS and PROSPECTIVE_DAYS punishments are the added days that feed sentence calculation via the adjustments service.,privilege_type,4,character varying,32,YES,,"Which privilege was lost. One of CANTEEN, FACILITIES, MONEY, TV, ASSOCIATION, GYM, OTHER. Null unless type is PRIVILEGE.",N,
punishment,A punishment (NOMIS calls these awards or sanctions) given on a charge where the outcome was CHARGE_PROVED. The duration or amount is not held here but on the linked punishment_schedule rows. ADDITIONAL_DAYS and PROSPECTIVE_DAYS punishments are the added days that feed sentence calculation via the adjustments service.,other_privilege,5,character varying,32,YES,,"Free text description of the privilege lost, when privilege_type is OTHER.",N,
punishment,A punishment (NOMIS calls these awards or sanctions) given on a charge where the outcome was CHARGE_PROVED. The duration or amount is not held here but on the linked punishment_schedule rows. ADDITIONAL_DAYS and PROSPECTIVE_DAYS punishments are the added days that feed sentence calculation via the adjustments service.,stoppage_percentage,6,integer,,YES,,Percentage of earnings stopped. Null unless type is EARNINGS.,N,
punishment,A punishment (NOMIS calls these awards or sanctions) given on a charge where the outcome was CHARGE_PROVED. The duration or amount is not held here but on the linked punishment_schedule rows. ADDITIONAL_DAYS and PROSPECTIVE_DAYS punishments are the added days that feed sentence calculation via the adjustments service.,create_user_id,7,character varying,32,NO,,,N,
punishment,A punishment (NOMIS calls these awards or sanctions) given on a charge where the outcome was CHARGE_PROVED. The duration or amount is not held here but on the linked punishment_schedule rows. ADDITIONAL_DAYS and PROSPECTIVE_DAYS punishments are the added days that feed sentence calculation via the adjustments service.,create_datetime,8,timestamp without time zone,,NO,,,N,
punishment,A punishment (NOMIS calls these awards or sanctions) given on a charge where the outcome was CHARGE_PROVED. The duration or amount is not held here but on the linked punishment_schedule rows. ADDITIONAL_DAYS and PROSPECTIVE_DAYS punishments are the added days that feed sentence calculation via the adjustments service.,modify_user_id,9,character varying,32,YES,,,N,
punishment,A punishment (NOMIS calls these awards or sanctions) given on a charge where the outcome was CHARGE_PROVED. The duration or amount is not held here but on the linked punishment_schedule rows. ADDITIONAL_DAYS and PROSPECTIVE_DAYS punishments are the added days that feed sentence calculation via the adjustments service.,modify_datetime,10,timestamp without time zone,,YES,,,N,
punishment,A punishment (NOMIS calls these awards or sanctions) given on a charge where the outcome was CHARGE_PROVED. The duration or amount is not held here but on the linked punishment_schedule rows. ADDITIONAL_DAYS and PROSPECTIVE_DAYS punishments are the added days that feed sentence calculation via the adjustments service.,activated_by_charge_number,12,character varying,16,YES,,Charge number of the later adjudication that activated this suspended punishment. Null while the punishment remains suspended or was never suspended.,N,
punishment,A punishment (NOMIS calls these awards or sanctions) given on a charge where the outcome was CHARGE_PROVED. The duration or amount is not held here but on the linked punishment_schedule rows. ADDITIONAL_DAYS and PROSPECTIVE_DAYS punishments are the added days that feed sentence calculation via the adjustments service.,suspended_until,13,date,,YES,,Date the punishment is suspended until. Non-null means the punishment is suspended and not currently in force. Mirrors the suspended_until on the latest punishment_schedule row.,N,
punishment,A punishment (NOMIS calls these awards or sanctions) given on a charge where the outcome was CHARGE_PROVED. The duration or amount is not held here but on the linked punishment_schedule rows. ADDITIONAL_DAYS and PROSPECTIVE_DAYS punishments are the added days that feed sentence calculation via the adjustments service.,sanction_seq,14,bigint,,YES,,NOMIS OFFENDER_OIC_SANCTIONS.SANCTION_SEQ. With reported_adjudications.offender_booking_id this forms the composite key of the matching NOMIS sanction row.,N,
punishment,A punishment (NOMIS calls these awards or sanctions) given on a charge where the outcome was CHARGE_PROVED. The duration or amount is not held here but on the linked punishment_schedule rows. ADDITIONAL_DAYS and PROSPECTIVE_DAYS punishments are the added days that feed sentence calculation via the adjustments service.,amount,15,numeric,,YES,,"Amount of money owed, in pounds. Null unless type is DAMAGES_OWED.",N,
punishment,A punishment (NOMIS calls these awards or sanctions) given on a charge where the outcome was CHARGE_PROVED. The duration or amount is not held here but on the linked punishment_schedule rows. ADDITIONAL_DAYS and PROSPECTIVE_DAYS punishments are the added days that feed sentence calculation via the adjustments service.,deleted,16,boolean,,YES,,"Soft delete flag. Rows where this is true are excluded everywhere; queries must filter on ""deleted is not true"".",N,
punishment,A punishment (NOMIS calls these awards or sanctions) given on a charge where the outcome was CHARGE_PROVED. The duration or amount is not held here but on the linked punishment_schedule rows. ADDITIONAL_DAYS and PROSPECTIVE_DAYS punishments are the added days that feed sentence calculation via the adjustments service.,consecutive_to_charge_number,17,character varying,16,YES,,Charge number this punishment runs consecutively to. Used for added days that follow on from an award on an earlier charge.,N,
punishment,A punishment (NOMIS calls these awards or sanctions) given on a charge where the outcome was CHARGE_PROVED. The duration or amount is not held here but on the linked punishment_schedule rows. ADDITIONAL_DAYS and PROSPECTIVE_DAYS punishments are the added days that feed sentence calculation via the adjustments service.,nomis_status,19,character varying,32,YES,,"NOMIS sanction status (reference domain OIC_SANCT_ST) for records that came from or were synchronised to NOMIS. Values include IMMEDIATE, PROSPECTIVE, SUSPENDED, SUSP_PROSP, QUASHED, AWARD_RED, REDAPP, SUSPEN_RED, SUSPEN_EXT, AS_AWARDED.",N,
punishment,A punishment (NOMIS calls these awards or sanctions) given on a charge where the outcome was CHARGE_PROVED. The duration or amount is not held here but on the linked punishment_schedule rows. ADDITIONAL_DAYS and PROSPECTIVE_DAYS punishments are the added days that feed sentence calculation via the adjustments service.,punishment_pre_migrate_id,20,integer,,YES,,Legacy column from the NOMIS migration. The table it referenced was dropped in V91 and it is no longer populated.,N,
punishment,A punishment (NOMIS calls these awards or sanctions) given on a charge where the outcome was CHARGE_PROVED. The duration or amount is not held here but on the linked punishment_schedule rows. ADDITIONAL_DAYS and PROSPECTIVE_DAYS punishments are the added days that feed sentence calculation via the adjustments service.,actual_created_date,21,timestamp without time zone,,YES,,"The real date the punishment was awarded, as opposed to create_datetime which for migrated records is the date of the migration run. Use this for chronology.",N,
punishment,A punishment (NOMIS calls these awards or sanctions) given on a charge where the outcome was CHARGE_PROVED. The duration or amount is not held here but on the linked punishment_schedule rows. ADDITIONAL_DAYS and PROSPECTIVE_DAYS punishments are the added days that feed sentence calculation via the adjustments service.,payback_notes,22,character varying,4000,YES,,Free text description of the payback work required. Null unless type is PAYBACK.,N,
punishment,A punishment (NOMIS calls these awards or sanctions) given on a charge where the outcome was CHARGE_PROVED. The duration or amount is not held here but on the linked punishment_schedule rows. ADDITIONAL_DAYS and PROSPECTIVE_DAYS punishments are the added days that feed sentence calculation via the adjustments service.,rehab_not_completed_outcome,23,character varying,32,YES,,"What was decided when rehabilitative activities were not completed. One of FULL_ACTIVATE, PARTIAL_ACTIVATE, EXT_SUSPEND, NO_ACTION.",N,
punishment,A punishment (NOMIS calls these awards or sanctions) given on a charge where the outcome was CHARGE_PROVED. The duration or amount is not held here but on the linked punishment_schedule rows. ADDITIONAL_DAYS and PROSPECTIVE_DAYS punishments are the added days that feed sentence calculation via the adjustments service.,rehab_completed,24,boolean,,YES,,Whether the attached rehabilitative activities were completed. Null where no rehabilitative activity applies or the outcome has not yet been recorded.,N,
punishment,A punishment (NOMIS calls these awards or sanctions) given on a charge where the outcome was CHARGE_PROVED. The duration or amount is not held here but on the linked punishment_schedule rows. ADDITIONAL_DAYS and PROSPECTIVE_DAYS punishments are the added days that feed sentence calculation via the adjustments service.,has_child_under_18,25,boolean,,YES,,,N,
punishment_comments,"Free text notes recorded against the punishments on a charge, including the reason for any change made on appeal or correction.",id,1,integer,,NO,nextval('punishment_comments_id_seq'::regclass),,Y,
punishment_comments,"Free text notes recorded against the punishments on a charge, including the reason for any change made on appeal or correction.",reported_adjudication_fk_id,2,bigint,,YES,,Foreign key to reported_adjudications.,N,reported_adjudications
punishment_comments,"Free text notes recorded against the punishments on a charge, including the reason for any change made on appeal or correction.",comment,3,character varying,4000,NO,,The note text.,N,
punishment_comments,"Free text notes recorded against the punishments on a charge, including the reason for any change made on appeal or correction.",create_user_id,4,character varying,32,NO,,,N,
punishment_comments,"Free text notes recorded against the punishments on a charge, including the reason for any change made on appeal or correction.",create_datetime,5,timestamp without time zone,,NO,,,N,
punishment_comments,"Free text notes recorded against the punishments on a charge, including the reason for any change made on appeal or correction.",modify_user_id,6,character varying,32,YES,,,N,
punishment_comments,"Free text notes recorded against the punishments on a charge, including the reason for any change made on appeal or correction.",modify_datetime,7,timestamp without time zone,,YES,,,N,
punishment_comments,"Free text notes recorded against the punishments on a charge, including the reason for any change made on appeal or correction.",reason_for_change,9,character varying,32,YES,,"Why the punishments were changed. One of APPEAL, CORRECTION, OTHER, GOV_OR_DIRECTOR.",N,
punishment_comments,"Free text notes recorded against the punishments on a charge, including the reason for any change made on appeal or correction.",nomis_created_by,10,character varying,32,YES,,"Username of the NOMIS user who created the comment, for migrated records. Takes precedence over create_user_id when displaying the author.",N,
punishment_comments,"Free text notes recorded against the punishments on a charge, including the reason for any change made on appeal or correction.",actual_created_date,11,timestamp without time zone,,YES,,"The real date the comment was made, as opposed to create_datetime which for migrated records is the date of the migration run.",N,
punishment_schedule,"The duration and dates of a punishment. A punishment gains a new schedule row each time it is amended, so this table is a history: take the row with the greatest create_datetime for a given punishment_fk_id to get the current position.",id,1,integer,,NO,nextval('punishment_schedule_id_seq'::regclass),,Y,
punishment_schedule,"The duration and dates of a punishment. A punishment gains a new schedule row each time it is amended, so this table is a history: take the row with the greatest create_datetime for a given punishment_fk_id to get the current position.",punishment_fk_id,2,bigint,,YES,,Foreign key to punishment.,N,punishment
punishment_schedule,"The duration and dates of a punishment. A punishment gains a new schedule row each time it is amended, so this table is a history: take the row with the greatest create_datetime for a given punishment_fk_id to get the current position.",duration,3,integer,,YES,,"Length of the punishment, in the unit given by measurement. This is the added days count for ADDITIONAL_DAYS and PROSPECTIVE_DAYS punishments. Renamed from ""days"" in V115 when payback punishments introduced hours.",N,
punishment_schedule,"The duration and dates of a punishment. A punishment gains a new schedule row each time it is amended, so this table is a history: take the row with the greatest create_datetime for a given punishment_fk_id to get the current position.",start_date,4,date,,YES,,"Date the punishment starts. Not set for added days, which take effect through a sentence adjustment rather than a date range.",N,
punishment_schedule,"The duration and dates of a punishment. A punishment gains a new schedule row each time it is amended, so this table is a history: take the row with the greatest create_datetime for a given punishment_fk_id to get the current position.",end_date,5,date,,YES,,Date the punishment ends. Not set for added days.,N,
punishment_schedule,"The duration and dates of a punishment. A punishment gains a new schedule row each time it is amended, so this table is a history: take the row with the greatest create_datetime for a given punishment_fk_id to get the current position.",suspended_until,6,date,,YES,,Date the punishment is suspended until. Non-null means the punishment was suspended as at this schedule row.,N,
punishment_schedule,"The duration and dates of a punishment. A punishment gains a new schedule row each time it is amended, so this table is a history: take the row with the greatest create_datetime for a given punishment_fk_id to get the current position.",create_user_id,7,character varying,32,NO,,,N,
punishment_schedule,"The duration and dates of a punishment. A punishment gains a new schedule row each time it is amended, so this table is a history: take the row with the greatest create_datetime for a given punishment_fk_id to get the current position.",create_datetime,8,timestamp without time zone,,NO,,,N,
punishment_schedule,"The duration and dates of a punishment. A punishment gains a new schedule row each time it is amended, so this table is a history: take the row with the greatest create_datetime for a given punishment_fk_id to get the current position.",modify_user_id,9,character varying,32,YES,,,N,
punishment_schedule,"The duration and dates of a punishment. A punishment gains a new schedule row each time it is amended, so this table is a history: take the row with the greatest create_datetime for a given punishment_fk_id to get the current position.",modify_datetime,10,timestamp without time zone,,YES,,,N,
punishment_schedule,"The duration and dates of a punishment. A punishment gains a new schedule row each time it is amended, so this table is a history: take the row with the greatest create_datetime for a given punishment_fk_id to get the current position.",measurement,12,character varying,16,NO,'DAYS'::character varying,"Unit of duration. One of DAYS, HOURS. HOURS is used only by PAYBACK punishments.",N,
rehabilitative_activity,"Rehabilitative activities attached to a suspended punishment as a condition of the suspension. Not available for added days, cautions, damages owed or payback punishments.",id,1,integer,,NO,nextval('rehabilitative_activity_id_seq'::regclass),,Y,
rehabilitative_activity,"Rehabilitative activities attached to a suspended punishment as a condition of the suspension. Not available for added days, cautions, damages owed or payback punishments.",punishment_fk_id,2,bigint,,YES,,Foreign key to punishment.,N,punishment
rehabilitative_activity,"Rehabilitative activities attached to a suspended punishment as a condition of the suspension. Not available for added days, cautions, damages owed or payback punishments.",details,3,character varying,4000,YES,,Description of the activity the prisoner must complete.,N,
rehabilitative_activity,"Rehabilitative activities attached to a suspended punishment as a condition of the suspension. Not available for added days, cautions, damages owed or payback punishments.",monitor,4,character varying,32,YES,,Name of the person responsible for monitoring the activity.,N,
rehabilitative_activity,"Rehabilitative activities attached to a suspended punishment as a condition of the suspension. Not available for added days, cautions, damages owed or payback punishments.",end_date,5,timestamp without time zone,,YES,,Date the activity must be completed by.,N,
rehabilitative_activity,"Rehabilitative activities attached to a suspended punishment as a condition of the suspension. Not available for added days, cautions, damages owed or payback punishments.",total_sessions,6,integer,,YES,,Number of sessions the prisoner must attend.,N,
rehabilitative_activity,"Rehabilitative activities attached to a suspended punishment as a condition of the suspension. Not available for added days, cautions, damages owed or payback punishments.",completed,7,boolean,,YES,,Whether this individual activity was completed. The overall decision is held on punishment.rehab_completed.,N,
rehabilitative_activity,"Rehabilitative activities attached to a suspended punishment as a condition of the suspension. Not available for added days, cautions, damages owed or payback punishments.",create_user_id,9,character varying,32,NO,,,N,
rehabilitative_activity,"Rehabilitative activities attached to a suspended punishment as a condition of the suspension. Not available for added days, cautions, damages owed or payback punishments.",create_datetime,10,timestamp without time zone,,NO,,,N,
rehabilitative_activity,"Rehabilitative activities attached to a suspended punishment as a condition of the suspension. Not available for added days, cautions, damages owed or payback punishments.",modify_user_id,11,character varying,32,YES,,,N,
rehabilitative_activity,"Rehabilitative activities attached to a suspended punishment as a condition of the suspension. Not available for added days, cautions, damages owed or payback punishments.",modify_datetime,12,timestamp without time zone,,YES,,,N,
reported_adjudications,"A submitted adjudication charge - the root record for everything that follows (hearings, outcomes and punishments). One row per charge, not per incident: an incident involving several prisoners, or several offences, produces several rows. Includes records migrated from NOMIS as well as those raised in DPS.",id,1,integer,,NO,nextval('reported_adjudications_id_seq'::regclass),,Y,
reported_adjudications,"A submitted adjudication charge - the root record for everything that follows (hearings, outcomes and punishments). One row per charge, not per incident: an incident involving several prisoners, or several offences, produces several rows. Includes records migrated from NOMIS as well as those raised in DPS.",prisoner_number,2,character varying,7,NO,,NOMIS offender number (noms id) of the prisoner charged.,N,
reported_adjudications,"A submitted adjudication charge - the root record for everything that follows (hearings, outcomes and punishments). One row per charge, not per incident: an incident involving several prisoners, or several offences, produces several rows. Includes records migrated from NOMIS as well as those raised in DPS.",charge_number,4,character varying,16,NO,,"Business key for the charge, unique across the service. Format is <agency><6 digit sequence> for DPS-raised charges (for example MDI001234); migrated NOMIS charges use the NOMIS charge number, suffixed -<n> where one NOMIS incident split into several DPS charges.",N,
reported_adjudications,"A submitted adjudication charge - the root record for everything that follows (hearings, outcomes and punishments). One row per charge, not per incident: an incident involving several prisoners, or several offences, produces several rows. Includes records migrated from NOMIS as well as those raised in DPS.",originating_agency_id,5,character varying,6,NO,,Agency (prison) code where the incident was reported. Together with override_agency_id this controls which caseload may see and action the record.,N,
reported_adjudications,"A submitted adjudication charge - the root record for everything that follows (hearings, outcomes and punishments). One row per charge, not per incident: an incident involving several prisoners, or several offences, produces several rows. Includes records migrated from NOMIS as well as those raised in DPS.",date_time_of_incident,6,timestamp without time zone,,NO,,When the incident occurred.,N,
reported_adjudications,"A submitted adjudication charge - the root record for everything that follows (hearings, outcomes and punishments). One row per charge, not per incident: an incident involving several prisoners, or several offences, produces several rows. Includes records migrated from NOMIS as well as those raised in DPS.",handover_deadline,7,timestamp without time zone,,NO,,"Deadline for issuing the notice of report to the prisoner, calculated as 48 hours after discovery.",N,
reported_adjudications,"A submitted adjudication charge - the root record for everything that follows (hearings, outcomes and punishments). One row per charge, not per incident: an incident involving several prisoners, or several offences, produces several rows. Includes records migrated from NOMIS as well as those raised in DPS.",location_id,8,bigint,,YES,,Legacy NOMIS internal location id where the incident occurred. Superseded by location_uuid.,N,
reported_adjudications,"A submitted adjudication charge - the root record for everything that follows (hearings, outcomes and punishments). One row per charge, not per incident: an incident involving several prisoners, or several offences, produces several rows. Includes records migrated from NOMIS as well as those raised in DPS.",statement,9,character varying,,NO,,The reporting officer's free text account of the incident.,N,
reported_adjudications,"A submitted adjudication charge - the root record for everything that follows (hearings, outcomes and punishments). One row per charge, not per incident: an incident involving several prisoners, or several offences, produces several rows. Includes records migrated from NOMIS as well as those raised in DPS.",create_user_id,10,character varying,32,NO,,,N,
reported_adjudications,"A submitted adjudication charge - the root record for everything that follows (hearings, outcomes and punishments). One row per charge, not per incident: an incident involving several prisoners, or several offences, produces several rows. Includes records migrated from NOMIS as well as those raised in DPS.",create_datetime,11,timestamp without time zone,,NO,,,N,
reported_adjudications,"A submitted adjudication charge - the root record for everything that follows (hearings, outcomes and punishments). One row per charge, not per incident: an incident involving several prisoners, or several offences, produces several rows. Includes records migrated from NOMIS as well as those raised in DPS.",modify_user_id,12,character varying,32,YES,,,N,
reported_adjudications,"A submitted adjudication charge - the root record for everything that follows (hearings, outcomes and punishments). One row per charge, not per incident: an incident involving several prisoners, or several offences, produces several rows. Includes records migrated from NOMIS as well as those raised in DPS.",modify_datetime,13,timestamp without time zone,,YES,,,N,
reported_adjudications,"A submitted adjudication charge - the root record for everything that follows (hearings, outcomes and punishments). One row per charge, not per incident: an incident involving several prisoners, or several offences, produces several rows. Includes records migrated from NOMIS as well as those raised in DPS.",incident_role_code,14,character varying,5,YES,,"Paragraph 25 role code. Null means the prisoner committed the offence alone. 25a = attempts to commit, 25b = incites another to commit, 25c = assists another to commit.",N,
reported_adjudications,"A submitted adjudication charge - the root record for everything that follows (hearings, outcomes and punishments). One row per charge, not per incident: an incident involving several prisoners, or several offences, produces several rows. Includes records migrated from NOMIS as well as those raised in DPS.",incident_role_associated_prisoners_number,15,character varying,7,YES,,"NOMIS offender number of the other prisoner involved, where the role code requires one.",N,
reported_adjudications,"A submitted adjudication charge - the root record for everything that follows (hearings, outcomes and punishments). One row per charge, not per incident: an incident involving several prisoners, or several offences, produces several rows. Includes records migrated from NOMIS as well as those raised in DPS.",status,16,character varying,32,NO,'AWAITING_REVIEW'::character varying,"Current state of the charge. One of AWAITING_REVIEW, RETURNED, REJECTED, ACCEPTED (deprecated), UNSCHEDULED, SCHEDULED, ADJOURNED, REFER_POLICE, REFER_INAD, REFER_GOV, PROSECUTION, DISMISSED, NOT_PROCEED, CHARGE_PROVED, QUASHED, INVALID_OUTCOME, INVALID_SUSPENDED, INVALID_ADA. Derived from the latest outcome by ReportedAdjudication.calculateStatus(). The three INVALID_* values flag data inconsistencies inherited from the NOMIS migration rather than real states.",N,
reported_adjudications,"A submitted adjudication charge - the root record for everything that follows (hearings, outcomes and punishments). One row per charge, not per incident: an incident involving several prisoners, or several offences, produces several rows. Includes records migrated from NOMIS as well as those raised in DPS.",status_reason,17,character varying,128,YES,,Reason code recorded when the reviewer rejected or returned the report.,N,
reported_adjudications,"A submitted adjudication charge - the root record for everything that follows (hearings, outcomes and punishments). One row per charge, not per incident: an incident involving several prisoners, or several offences, produces several rows. Includes records migrated from NOMIS as well as those raised in DPS.",status_details,18,character varying,4000,YES,,Free text the reviewer gave alongside status_reason.,N,
reported_adjudications,"A submitted adjudication charge - the root record for everything that follows (hearings, outcomes and punishments). One row per charge, not per incident: an incident involving several prisoners, or several offences, produces several rows. Includes records migrated from NOMIS as well as those raised in DPS.",is_youth_offender,19,boolean,,NO,false,True when the YOI rule set applies rather than the adult rule set.,N,
reported_adjudications,"A submitted adjudication charge - the root record for everything that follows (hearings, outcomes and punishments). One row per charge, not per incident: an incident involving several prisoners, or several offences, produces several rows. Includes records migrated from NOMIS as well as those raised in DPS.",review_user_id,20,character varying,32,YES,,"DPS username of the reviewer who accepted, rejected or returned the report.",N,
reported_adjudications,"A submitted adjudication charge - the root record for everything that follows (hearings, outcomes and punishments). One row per charge, not per incident: an incident involving several prisoners, or several offences, produces several rows. Includes records migrated from NOMIS as well as those raised in DPS.",incident_role_associated_prisoners_name,21,character varying,100,YES,,"Name of the other prisoner involved, held where they cannot be looked up.",N,
reported_adjudications,"A submitted adjudication charge - the root record for everything that follows (hearings, outcomes and punishments). One row per charge, not per incident: an incident involving several prisoners, or several offences, produces several rows. Includes records migrated from NOMIS as well as those raised in DPS.",date_time_of_discovery,23,timestamp without time zone,,NO,,When the incident was discovered. Equal to the incident date unless it was found later; the 48 hour notice clock runs from here.,N,
reported_adjudications,"A submitted adjudication charge - the root record for everything that follows (hearings, outcomes and punishments). One row per charge, not per incident: an incident involving several prisoners, or several offences, produces several rows. Includes records migrated from NOMIS as well as those raised in DPS.",gender,24,character varying,12,NO,'MALE'::character varying,"Prisoner gender, used to select the correct wording of offence paragraphs. One of MALE, FEMALE.",N,
reported_adjudications,"A submitted adjudication charge - the root record for everything that follows (hearings, outcomes and punishments). One row per charge, not per incident: an incident involving several prisoners, or several offences, produces several rows. Includes records migrated from NOMIS as well as those raised in DPS.",issuing_officer,25,character varying,32,YES,,DPS username of the officer who most recently issued the notice of report (DIS1/2) to the prisoner.,N,
reported_adjudications,"A submitted adjudication charge - the root record for everything that follows (hearings, outcomes and punishments). One row per charge, not per incident: an incident involving several prisoners, or several offences, produces several rows. Includes records migrated from NOMIS as well as those raised in DPS.",date_time_of_issue,26,timestamp without time zone,,YES,,When the notice of report was most recently issued. Full history is in dis_issue_history.,N,
reported_adjudications,"A submitted adjudication charge - the root record for everything that follows (hearings, outcomes and punishments). One row per charge, not per incident: an incident involving several prisoners, or several offences, produces several rows. Includes records migrated from NOMIS as well as those raised in DPS.",date_time_of_first_hearing,27,timestamp without time zone,,YES,,"Denormalised date of the earliest hearing, maintained for reporting and sorting.",N,
reported_adjudications,"A submitted adjudication charge - the root record for everything that follows (hearings, outcomes and punishments). One row per charge, not per incident: an incident involving several prisoners, or several offences, produces several rows. Includes records migrated from NOMIS as well as those raised in DPS.",override_agency_id,29,character varying,6,YES,,"Agency code the prisoner transferred to after the charge was raised, set by TransferService from prisoner movement events. Null when there has been no transfer.",N,
reported_adjudications,"A submitted adjudication charge - the root record for everything that follows (hearings, outcomes and punishments). One row per charge, not per incident: an incident involving several prisoners, or several offences, produces several rows. Includes records migrated from NOMIS as well as those raised in DPS.",last_modified_agency_id,30,character varying,6,YES,,Agency code of the establishment that last changed the record.,N,
reported_adjudications,"A submitted adjudication charge - the root record for everything that follows (hearings, outcomes and punishments). One row per charge, not per incident: an incident involving several prisoners, or several offences, produces several rows. Includes records migrated from NOMIS as well as those raised in DPS.",agency_incident_id,31,bigint,,YES,,NOMIS AGENCY_INCIDENT_ID the charge came from. Populated on migrated records and on records synchronised back to NOMIS.,N,
reported_adjudications,"A submitted adjudication charge - the root record for everything that follows (hearings, outcomes and punishments). One row per charge, not per incident: an incident involving several prisoners, or several offences, produces several rows. Includes records migrated from NOMIS as well as those raised in DPS.",migrated,32,boolean,,NO,false,True when the record was migrated from NOMIS rather than raised in DPS.,N,
reported_adjudications,"A submitted adjudication charge - the root record for everything that follows (hearings, outcomes and punishments). One row per charge, not per incident: an incident involving several prisoners, or several offences, produces several rows. Includes records migrated from NOMIS as well as those raised in DPS.",offender_booking_id,33,bigint,,YES,,NOMIS OFFENDER_BOOK_ID for the booking the charge belongs to. Use this to join to NOMIS sentence and sanction data.,N,
reported_adjudications,"A submitted adjudication charge - the root record for everything that follows (hearings, outcomes and punishments). One row per charge, not per incident: an incident involving several prisoners, or several offences, produces several rows. Includes records migrated from NOMIS as well as those raised in DPS.",status_before_migration,34,character varying,32,YES,,Status the charge held in NOMIS before migration. Populated on migrated records only.,N,
reported_adjudications,"A submitted adjudication charge - the root record for everything that follows (hearings, outcomes and punishments). One row per charge, not per incident: an incident involving several prisoners, or several offences, produces several rows. Includes records migrated from NOMIS as well as those raised in DPS.",created_on_behalf_of_officer,35,character varying,32,YES,,"Name of the officer the report was created on behalf of, when someone else entered it for them.",N,
reported_adjudications,"A submitted adjudication charge - the root record for everything that follows (hearings, outcomes and punishments). One row per charge, not per incident: an incident involving several prisoners, or several offences, produces several rows. Includes records migrated from NOMIS as well as those raised in DPS.",created_on_behalf_of_reason,36,character varying,4000,YES,,Reason the report was created on behalf of another officer.,N,
reported_adjudications,"A submitted adjudication charge - the root record for everything that follows (hearings, outcomes and punishments). One row per charge, not per incident: an incident involving several prisoners, or several offences, produces several rows. Includes records migrated from NOMIS as well as those raised in DPS.",migrated_inactive_prisoner,37,boolean,,NO,false,True when the record was migrated for a prisoner who was no longer active. These records are excluded from the INVALID_* status checks because their data cannot be corrected.,N,
reported_adjudications,"A submitted adjudication charge - the root record for everything that follows (hearings, outcomes and punishments). One row per charge, not per incident: an incident involving several prisoners, or several offences, produces several rows. Includes records migrated from NOMIS as well as those raised in DPS.",migrated_split_record,38,boolean,,NO,false,True when a single NOMIS charge was split into multiple DPS charges during migration.,N,
reported_adjudications,"A submitted adjudication charge - the root record for everything that follows (hearings, outcomes and punishments). One row per charge, not per incident: an incident involving several prisoners, or several offences, produces several rows. Includes records migrated from NOMIS as well as those raised in DPS.",date_time_resubmitted,39,timestamp without time zone,,YES,,"When a returned report was resubmitted for review. Where set, this is treated as the report's created date in the API.",N,
reported_adjudications,"A submitted adjudication charge - the root record for everything that follows (hearings, outcomes and punishments). One row per charge, not per incident: an incident involving several prisoners, or several offences, produces several rows. Includes records migrated from NOMIS as well as those raised in DPS.",location_uuid,40,uuid,,NO,,Location identifier in the locations-inside-prison service. This is the current location reference.,N,
reported_damages,Damage to prison property recorded on a submitted adjudication.,id,1,integer,,NO,nextval('reported_damages_id_seq'::regclass),,Y,
reported_damages,Damage to prison property recorded on a submitted adjudication.,reported_adjudication_fk_id,2,bigint,,YES,,Foreign key to reported_adjudications.,N,reported_adjudications
reported_damages,Damage to prison property recorded on a submitted adjudication.,code,3,character varying,32,NO,,"Type of damage. One of ELECTRICAL_REPAIR, PLUMBING_REPAIR, FURNITURE_OR_FABRIC_REPAIR, LOCK_REPAIR, REDECORATION, CLEANING, REPLACE_AN_ITEM.",N,
reported_damages,Damage to prison property recorded on a submitted adjudication.,details,4,character varying,4000,NO,,Free text description of the damage.,N,
reported_damages,Damage to prison property recorded on a submitted adjudication.,reporter,5,character varying,32,NO,,DPS username of the officer who recorded this entry.,N,
reported_damages,Damage to prison property recorded on a submitted adjudication.,create_user_id,6,character varying,32,NO,,,N,
reported_damages,Damage to prison property recorded on a submitted adjudication.,create_datetime,7,timestamp without time zone,,NO,,,N,
reported_damages,Damage to prison property recorded on a submitted adjudication.,modify_user_id,8,character varying,32,YES,,,N,
reported_damages,Damage to prison property recorded on a submitted adjudication.,modify_datetime,9,timestamp without time zone,,YES,,,N,
reported_damages,Damage to prison property recorded on a submitted adjudication.,repair_cost,11,numeric,,YES,,"Cost of repair in pounds, where recorded. Separate from the DAMAGES_OWED punishment, which is the amount the prisoner was ordered to pay.",N,
reported_evidence,Evidence recorded on a submitted adjudication.,id,1,integer,,NO,nextval('reported_evidence_id_seq'::regclass),,Y,
reported_evidence,Evidence recorded on a submitted adjudication.,reported_adjudication_fk_id,2,bigint,,YES,,Foreign key to reported_adjudications.,N,reported_adjudications
reported_evidence,Evidence recorded on a submitted adjudication.,code,3,character varying,32,NO,,"Type of evidence. One of PHOTO, BODY_WORN_CAMERA, CCTV, BAGGED_AND_TAGGED, OTHER.",N,
reported_evidence,Evidence recorded on a submitted adjudication.,identifier,4,character varying,32,YES,,"Reference number for the evidence, such as a body worn camera or seal number.",N,
reported_evidence,Evidence recorded on a submitted adjudication.,details,5,character varying,4000,NO,,Free text description of the evidence.,N,
reported_evidence,Evidence recorded on a submitted adjudication.,reporter,6,character varying,32,NO,,DPS username of the officer who recorded this entry.,N,
reported_evidence,Evidence recorded on a submitted adjudication.,create_user_id,7,character varying,32,NO,,,N,
reported_evidence,Evidence recorded on a submitted adjudication.,create_datetime,8,timestamp without time zone,,NO,,,N,
reported_evidence,Evidence recorded on a submitted adjudication.,modify_user_id,9,character varying,32,YES,,,N,
reported_evidence,Evidence recorded on a submitted adjudication.,modify_datetime,10,timestamp without time zone,,YES,,,N,
reported_evidence,Evidence recorded on a submitted adjudication.,date_added,12,timestamp without time zone,,YES,,"When the evidence was added to the report, where it was added after submission.",N,
reported_offence,The offence charged on a submitted adjudication. One row per reported adjudication.,id,1,integer,,NO,nextval('reported_offence_id_seq'::regclass),,Y,
reported_offence,The offence charged on a submitted adjudication. One row per reported adjudication.,reported_adjudication_fk_id,2,bigint,,YES,,Foreign key to reported_adjudications.,N,reported_adjudications
reported_offence,The offence charged on a submitted adjudication. One row per reported adjudication.,offence_code,3,integer,,NO,,"Internal DPS offence code (an integer, not the Prison Rules paragraph). Resolved in application code by OffenceCodeLookupService against the OffenceCodes enum - there is no reference table in this database. Migrated NOMIS charges that could not be mapped use the MIGRATED_OFFENCE code and carry the original text in nomis_offence_code / nomis_offence_description. See the reference-data export for the full code list.",N,
reported_offence,The offence charged on a submitted adjudication. One row per reported adjudication.,victim_prisoners_number,4,character varying,7,YES,,"NOMIS offender number of the prisoner victim, for offences that have one.",N,
reported_offence,The offence charged on a submitted adjudication. One row per reported adjudication.,create_user_id,5,character varying,32,NO,,,N,
reported_offence,The offence charged on a submitted adjudication. One row per reported adjudication.,create_datetime,6,timestamp without time zone,,NO,,,N,
reported_offence,The offence charged on a submitted adjudication. One row per reported adjudication.,modify_user_id,7,character varying,32,YES,,,N,
reported_offence,The offence charged on a submitted adjudication. One row per reported adjudication.,modify_datetime,8,timestamp without time zone,,YES,,,N,
reported_offence,The offence charged on a submitted adjudication. One row per reported adjudication.,victim_staff_username,9,character varying,30,YES,,"DPS username of the staff victim, for offences that have one.",N,
reported_offence,The offence charged on a submitted adjudication. One row per reported adjudication.,victim_other_persons_name,10,character varying,100,YES,,Name of a victim who is neither a prisoner nor staff (for example a visitor).,N,
reported_offence,The offence charged on a submitted adjudication. One row per reported adjudication.,nomis_offence_code,13,character varying,10,YES,,"NOMIS OIC offence code, for example 51:1A. Populated on migrated records.",N,
reported_offence,The offence charged on a submitted adjudication. One row per reported adjudication.,nomis_offence_description,14,character varying,350,YES,,"NOMIS offence description text. Populated on migrated records, and used in place of the DPS paragraph description where the offence could not be mapped.",N,
reported_offence,The offence charged on a submitted adjudication. One row per reported adjudication.,migrated,15,boolean,,NO,false,True when the offence row was created by the NOMIS migration.,N,
reported_offence,The offence charged on a submitted adjudication. One row per reported adjudication.,actual_offence_code,16,integer,,YES,,"The offence code originally chosen, retained when the stored offence_code was subsequently adjusted.",N,
reported_witness,Witnesses recorded on a submitted adjudication.,id,1,integer,,NO,nextval('reported_witness_id_seq'::regclass),,Y,
reported_witness,Witnesses recorded on a submitted adjudication.,reported_adjudication_fk_id,2,bigint,,YES,,Foreign key to reported_adjudications.,N,reported_adjudications
reported_witness,Witnesses recorded on a submitted adjudication.,code,3,character varying,32,NO,,"Type of witness. One of OFFICER, STAFF, OTHER_PERSON, VICTIM, PRISONER.",N,
reported_witness,Witnesses recorded on a submitted adjudication.,first_name,4,character varying,32,NO,,Witness first name.,N,
reported_witness,Witnesses recorded on a submitted adjudication.,last_name,5,character varying,32,NO,,Witness last name.,N,
reported_witness,Witnesses recorded on a submitted adjudication.,reporter,6,character varying,32,NO,,DPS username of the officer who recorded this entry.,N,
reported_witness,Witnesses recorded on a submitted adjudication.,create_user_id,7,character varying,32,NO,,,N,
reported_witness,Witnesses recorded on a submitted adjudication.,create_datetime,8,timestamp without time zone,,NO,,,N,
reported_witness,Witnesses recorded on a submitted adjudication.,modify_user_id,9,character varying,32,YES,,,N,
reported_witness,Witnesses recorded on a submitted adjudication.,modify_datetime,10,timestamp without time zone,,YES,,,N,
reported_witness,Witnesses recorded on a submitted adjudication.,comment,12,character varying,240,YES,,Free text note about the witness or their evidence.,N,
reported_witness,Witnesses recorded on a submitted adjudication.,username,13,character varying,32,YES,,DPS username of the witness where they are a member of staff.,N,
reported_witness,Witnesses recorded on a submitted adjudication.,date_added,14,timestamp without time zone,,YES,,"When the witness was added to the report, where they were added after submission.",N,
witness,Witnesses recorded on a draft adjudication. Copied to reported_witness on submission.,id,1,integer,,NO,nextval('witness_id_seq'::regclass),,Y,
witness,Witnesses recorded on a draft adjudication. Copied to reported_witness on submission.,draft_adjudication_fk_id,2,bigint,,YES,,Foreign key to draft_adjudications.,N,draft_adjudications
witness,Witnesses recorded on a draft adjudication. Copied to reported_witness on submission.,code,3,character varying,32,NO,,"Type of witness. One of OFFICER, STAFF, OTHER_PERSON, VICTIM, PRISONER.",N,
witness,Witnesses recorded on a draft adjudication. Copied to reported_witness on submission.,first_name,4,character varying,32,NO,,Witness first name.,N,
witness,Witnesses recorded on a draft adjudication. Copied to reported_witness on submission.,last_name,5,character varying,32,NO,,Witness last name.,N,
witness,Witnesses recorded on a draft adjudication. Copied to reported_witness on submission.,reporter,6,character varying,32,NO,,DPS username of the officer who recorded this entry.,N,
witness,Witnesses recorded on a draft adjudication. Copied to reported_witness on submission.,create_user_id,7,character varying,32,NO,,,N,
witness,Witnesses recorded on a draft adjudication. Copied to reported_witness on submission.,create_datetime,8,timestamp without time zone,,NO,,,N,
witness,Witnesses recorded on a draft adjudication. Copied to reported_witness on submission.,modify_user_id,9,character varying,32,YES,,,N,
witness,Witnesses recorded on a draft adjudication. Copied to reported_witness on submission.,modify_datetime,10,timestamp without time zone,,YES,,,N,
witness,Witnesses recorded on a draft adjudication. Copied to reported_witness on submission.,username,11,character varying,32,YES,,DPS username of the witness where they are a member of staff.,N,
