column_ref,code,description,notes
"reported_adjudications.status","ACCEPTED","",""
"reported_adjudications.status","REJECTED","",""
"reported_adjudications.status","AWAITING_REVIEW","",""
"reported_adjudications.status","RETURNED","",""
"reported_adjudications.status","UNSCHEDULED","",""
"reported_adjudications.status","SCHEDULED","",""
"reported_adjudications.status","REFER_POLICE","",""
"reported_adjudications.status","REFER_INAD","",""
"reported_adjudications.status","REFER_GOV","",""
"reported_adjudications.status","PROSECUTION","",""
"reported_adjudications.status","DISMISSED","",""
"reported_adjudications.status","NOT_PROCEED","",""
"reported_adjudications.status","ADJOURNED","",""
"reported_adjudications.status","CHARGE_PROVED","",""
"reported_adjudications.status","QUASHED","",""
"reported_adjudications.status","INVALID_OUTCOME","",""
"reported_adjudications.status","INVALID_SUSPENDED","",""
"reported_adjudications.status","INVALID_ADA","",""
"reported_adjudications.gender","MALE","",""
"reported_adjudications.gender","FEMALE","",""
"reported_adjudications.incident_role_code","25a","Attempts to commit any of the foregoing offences",""
"reported_adjudications.incident_role_code","25b","Incites another prisoner to commit any of the foregoing offences",""
"reported_adjudications.incident_role_code","25c","Assists another prisoner to commit, or to attempt to commit, any of the foregoing offences",""
"outcome.code","REFER_POLICE","",""
"outcome.code","REFER_INAD","",""
"outcome.code","REFER_GOV","",""
"outcome.code","NOT_PROCEED","",""
"outcome.code","DISMISSED","",""
"outcome.code","PROSECUTION","",""
"outcome.code","SCHEDULE_HEARING","",""
"outcome.code","CHARGE_PROVED","",""
"outcome.code","QUASHED","",""
"outcome.not_proceed_reason","ANOTHER_WAY","",""
"outcome.not_proceed_reason","RELEASED","",""
"outcome.not_proceed_reason","WITNESS_NOT_ATTEND","",""
"outcome.not_proceed_reason","UNFIT","",""
"outcome.not_proceed_reason","FLAWED","",""
"outcome.not_proceed_reason","EXPIRED_NOTICE","",""
"outcome.not_proceed_reason","EXPIRED_HEARING","",""
"outcome.not_proceed_reason","NOT_FAIR","",""
"outcome.not_proceed_reason","OTHER","",""
"outcome.quashed_reason","FLAWED_CASE","",""
"outcome.quashed_reason","JUDICIAL_REVIEW","",""
"outcome.quashed_reason","APPEAL_UPHELD","",""
"outcome.quashed_reason","OTHER","",""
"outcome.refer_gov_reason","REVIEW_FOR_REFER_POLICE","",""
"outcome.refer_gov_reason","GOV_INQUIRY","",""
"outcome.refer_gov_reason","OTHER","",""
"hearing.oic_hearing_type","GOV_ADULT","",""
"hearing.oic_hearing_type","GOV_YOI","",""
"hearing.oic_hearing_type","INAD_YOI","",""
"hearing.oic_hearing_type","GOV","",""
"hearing.oic_hearing_type","INAD_ADULT","",""
"hearing_outcome.code","COMPLETE","",""
"hearing_outcome.code","REFER_POLICE","",""
"hearing_outcome.code","REFER_INAD","",""
"hearing_outcome.code","ADJOURN","",""
"hearing_outcome.code","NOMIS","",""
"hearing_outcome.code","REFER_GOV","",""
"hearing_outcome.adjourn_reason","LEGAL_ADVICE","",""
"hearing_outcome.adjourn_reason","LEGAL_REPRESENTATION","",""
"hearing_outcome.adjourn_reason","RO_ATTEND","",""
"hearing_outcome.adjourn_reason","HELP","",""
"hearing_outcome.adjourn_reason","UNFIT","",""
"hearing_outcome.adjourn_reason","WITNESS","",""
"hearing_outcome.adjourn_reason","WITNESS_SUPPORT","",""
"hearing_outcome.adjourn_reason","MCKENZIE","",""
"hearing_outcome.adjourn_reason","EVIDENCE","",""
"hearing_outcome.adjourn_reason","INVESTIGATION","",""
"hearing_outcome.adjourn_reason","OTHER","",""
"hearing_outcome.plea","UNFIT","",""
"hearing_outcome.plea","ABSTAIN","",""
"hearing_outcome.plea","GUILTY","",""
"hearing_outcome.plea","NOT_GUILTY","",""
"hearing_outcome.plea","NOT_ASKED","",""
"punishment.type","PRIVILEGE","",""
"punishment.type","EARNINGS","",""
"punishment.type","CONFINEMENT","",""
"punishment.type","REMOVAL_ACTIVITY","",""
"punishment.type","EXCLUSION_WORK","",""
"punishment.type","EXTRA_WORK","",""
"punishment.type","REMOVAL_WING","",""
"punishment.type","ADDITIONAL_DAYS","",""
"punishment.type","PROSPECTIVE_DAYS","",""
"punishment.type","CAUTION","",""
"punishment.type","DAMAGES_OWED","",""
"punishment.type","PAYBACK","",""
"punishment.privilege_type","CANTEEN","",""
"punishment.privilege_type","FACILITIES","",""
"punishment.privilege_type","MONEY","",""
"punishment.privilege_type","TV","",""
"punishment.privilege_type","ASSOCIATION","",""
"punishment.privilege_type","GYM","",""
"punishment.privilege_type","OTHER","",""
"punishment.rehab_not_completed_outcome","FULL_ACTIVATE","",""
"punishment.rehab_not_completed_outcome","PARTIAL_ACTIVATE","",""
"punishment.rehab_not_completed_outcome","EXT_SUSPEND","",""
"punishment.rehab_not_completed_outcome","NO_ACTION","",""
"punishment_schedule.measurement","DAYS","",""
"punishment_schedule.measurement","HOURS","",""
"punishment_comments.reason_for_change","APPEAL","",""
"punishment_comments.reason_for_change","CORRECTION","",""
"punishment_comments.reason_for_change","OTHER","",""
"punishment_comments.reason_for_change","GOV_OR_DIRECTOR","",""
"damages.code / reported_damages.code","ELECTRICAL_REPAIR","",""
"damages.code / reported_damages.code","PLUMBING_REPAIR","",""
"damages.code / reported_damages.code","FURNITURE_OR_FABRIC_REPAIR","",""
"damages.code / reported_damages.code","LOCK_REPAIR","",""
"damages.code / reported_damages.code","REDECORATION","",""
"damages.code / reported_damages.code","CLEANING","",""
"damages.code / reported_damages.code","REPLACE_AN_ITEM","",""
"evidence.code / reported_evidence.code","PHOTO","",""
"evidence.code / reported_evidence.code","BODY_WORN_CAMERA","",""
"evidence.code / reported_evidence.code","CCTV","",""
"evidence.code / reported_evidence.code","BAGGED_AND_TAGGED","",""
"evidence.code / reported_evidence.code","OTHER","",""
"witness.code / reported_witness.code","OFFICER","",""
"witness.code / reported_witness.code","STAFF","",""
"witness.code / reported_witness.code","OTHER_PERSON","",""
"witness.code / reported_witness.code","VICTIM","",""
"witness.code / reported_witness.code","PRISONER","",""
"protected_characteristics.characteristic / draft_protected_characteristics.characteristic","AGE","",""
"protected_characteristics.characteristic / draft_protected_characteristics.characteristic","DISABILITY","",""
"protected_characteristics.characteristic / draft_protected_characteristics.characteristic","GENDER_REASSIGN","",""
"protected_characteristics.characteristic / draft_protected_characteristics.characteristic","MARRIAGE_AND_CP","",""
"protected_characteristics.characteristic / draft_protected_characteristics.characteristic","PREGNANCY_AND_MAT","",""
"protected_characteristics.characteristic / draft_protected_characteristics.characteristic","RACE","",""
"protected_characteristics.characteristic / draft_protected_characteristics.characteristic","RELIGION","",""
"protected_characteristics.characteristic / draft_protected_characteristics.characteristic","SEX","",""
"protected_characteristics.characteristic / draft_protected_characteristics.characteristic","SEX_ORIENTATION","",""
"offence.offence_code / reported_offence.offence_code","1001","Commits any racially aggravated assault","name=ADULT_51_1A; nomisCode=51:1A; paragraph=1(a); withOthersNomisCode=51:1A; applicableVersions=1"
"offence.offence_code / reported_offence.offence_code","1003","Commits any racially aggravated assault","name=ADULT_51_1A; nomisCode=51:1A; paragraph=1(a); withOthersNomisCode=51:1A; applicableVersions=1"
"offence.offence_code / reported_offence.offence_code","1005","Commits any racially aggravated assault","name=ADULT_51_1A; nomisCode=51:1A; paragraph=1(a); withOthersNomisCode=51:1A; applicableVersions=1"
"offence.offence_code / reported_offence.offence_code","1021","Commits any racially aggravated assault","name=ADULT_51_1A; nomisCode=51:1A; paragraph=1(a); withOthersNomisCode=51:1A; applicableVersions=1"
"offence.offence_code / reported_offence.offence_code","1007","Commits any racially aggravated assault","name=ADULT_51_1A; nomisCode=51:1A; paragraph=1(a); withOthersNomisCode=51:1A; applicableVersions=1"
"offence.offence_code / reported_offence.offence_code","100124","Commits any assault aggravated by a protected characteristic","name=ADULT_51_1A_24; nomisCode=51:1A (24); paragraph=1(a); withOthersNomisCode=51:1A (24); applicableVersions=2"
"offence.offence_code / reported_offence.offence_code","100324","Commits any assault aggravated by a protected characteristic","name=ADULT_51_1A_24; nomisCode=51:1A (24); paragraph=1(a); withOthersNomisCode=51:1A (24); applicableVersions=2"
"offence.offence_code / reported_offence.offence_code","100524","Commits any assault aggravated by a protected characteristic","name=ADULT_51_1A_24; nomisCode=51:1A (24); paragraph=1(a); withOthersNomisCode=51:1A (24); applicableVersions=2"
"offence.offence_code / reported_offence.offence_code","102124","Commits any assault aggravated by a protected characteristic","name=ADULT_51_1A_24; nomisCode=51:1A (24); paragraph=1(a); withOthersNomisCode=51:1A (24); applicableVersions=2"
"offence.offence_code / reported_offence.offence_code","100724","Commits any assault aggravated by a protected characteristic","name=ADULT_51_1A_24; nomisCode=51:1A (24); paragraph=1(a); withOthersNomisCode=51:1A (24); applicableVersions=2"
"offence.offence_code / reported_offence.offence_code","1002","Commits any assault","name=ADULT_51_1B; nomisCode=51:1B; paragraph=1; withOthersNomisCode=51:25D; applicableVersions=1|2"
"offence.offence_code / reported_offence.offence_code","1022","Commits any assault","name=ADULT_51_1B; nomisCode=51:1B; paragraph=1; withOthersNomisCode=51:25D; applicableVersions=1|2"
"offence.offence_code / reported_offence.offence_code","102224","Commits any sexual assault","name=ADULT_51_1B_24; nomisCode=51:1B (24); paragraph=1(b); withOthersNomisCode=51:1B (24); applicableVersions=2"
"offence.offence_code / reported_offence.offence_code","102324","Exposes himself, or commits any other indecent or obscene act","name=ADULT_51_1C_24; nomisCode=51:1C (24); paragraph=1(c); withOthersNomisCode=51:1C (24); applicableVersions=2"
"offence.offence_code / reported_offence.offence_code","102424","Sexually harasses any person","name=ADULT_51_1D_24; nomisCode=51:1D (24); paragraph=1(d); withOthersNomisCode=51:1D (24); applicableVersions=2"
"offence.offence_code / reported_offence.offence_code","1004","Commits any assault","name=ADULT_51_1J; nomisCode=51:1J; paragraph=1; withOthersNomisCode=51:25F; applicableVersions=1|2"
"offence.offence_code / reported_offence.offence_code","1006","Commits any assault","name=ADULT_51_1N; nomisCode=51:1N; paragraph=1; withOthersNomisCode=51:25G; applicableVersions=1|2"
"offence.offence_code / reported_offence.offence_code","1008","Commits any assault","name=ADULT_51_1F; nomisCode=51:1F; paragraph=1; withOthersNomisCode=51:25E; applicableVersions=1|2"
"offence.offence_code / reported_offence.offence_code","4001","Fights with any person","name=ADULT_51_4; nomisCode=51:4; paragraph=4; withOthersNomisCode=51:4; applicableVersions=1|2"
"offence.offence_code / reported_offence.offence_code","4002","Fights with any person","name=ADULT_51_4; nomisCode=51:4; paragraph=4; withOthersNomisCode=51:4; applicableVersions=1|2"
"offence.offence_code / reported_offence.offence_code","4003","Fights with any person","name=ADULT_51_4; nomisCode=51:4; paragraph=4; withOthersNomisCode=51:4; applicableVersions=1|2"
"offence.offence_code / reported_offence.offence_code","4004","Fights with any person","name=ADULT_51_4; nomisCode=51:4; paragraph=4; withOthersNomisCode=51:4; applicableVersions=1|2"
"offence.offence_code / reported_offence.offence_code","4005","Fights with any person","name=ADULT_51_4; nomisCode=51:4; paragraph=4; withOthersNomisCode=51:4; applicableVersions=1|2"
"offence.offence_code / reported_offence.offence_code","5001","Intentionally endangers the health or personal safety of others or, by his conduct, is reckless whether such health or personal safety is endangered","name=ADULT_51_5; nomisCode=51:5; paragraph=5; withOthersNomisCode=51:25Q; applicableVersions=1|2"
"offence.offence_code / reported_offence.offence_code","5002","Intentionally endangers the health or personal safety of others or, by his conduct, is reckless whether such health or personal safety is endangered","name=ADULT_51_5; nomisCode=51:5; paragraph=5; withOthersNomisCode=51:25Q; applicableVersions=1|2"
"offence.offence_code / reported_offence.offence_code","5003","Intentionally endangers the health or personal safety of others or, by his conduct, is reckless whether such health or personal safety is endangered","name=ADULT_51_5; nomisCode=51:5; paragraph=5; withOthersNomisCode=51:25Q; applicableVersions=1|2"
"offence.offence_code / reported_offence.offence_code","5004","Intentionally endangers the health or personal safety of others or, by his conduct, is reckless whether such health or personal safety is endangered","name=ADULT_51_5; nomisCode=51:5; paragraph=5; withOthersNomisCode=51:25Q; applicableVersions=1|2"
"offence.offence_code / reported_offence.offence_code","5005","Intentionally endangers the health or personal safety of others or, by his conduct, is reckless whether such health or personal safety is endangered","name=ADULT_51_5; nomisCode=51:5; paragraph=5; withOthersNomisCode=51:25Q; applicableVersions=1|2"
"offence.offence_code / reported_offence.offence_code","7001","Escapes or absconds from prison or from legal custody","name=ADULT_51_7; nomisCode=51:7; paragraph=7; withOthersNomisCode=51:25O; applicableVersions=1|2"
"offence.offence_code / reported_offence.offence_code","7002","Escapes or absconds from prison or from legal custody","name=ADULT_51_7; nomisCode=51:7; paragraph=7; withOthersNomisCode=51:25O; applicableVersions=1|2"
"offence.offence_code / reported_offence.offence_code","8001","Fails to comply with any condition upon which he is temporarily released under rule 9","name=ADULT_51_8D; nomisCode=51:8D; paragraph=8; withOthersNomisCode=51:25AI; applicableVersions=1|2"
"offence.offence_code / reported_offence.offence_code","8002","Fails to comply with any condition upon which he is temporarily released under rule 9","name=ADULT_51_8E; nomisCode=51:8E; paragraph=8; withOthersNomisCode=51:25AJ; applicableVersions=1|2"
"offence.offence_code / reported_offence.offence_code","12001","Has in his possession:<br><br>(a) any unauthorised article, or<br><br>(b) a greater quantity of any article than he is authorised to have","name=ADULT_51_12; nomisCode=51:12; paragraph=12; withOthersNomisCode=51:25AM; applicableVersions=1|2"
"offence.offence_code / reported_offence.offence_code","12002","Has in his possession:<br><br>(a) any unauthorised article, or<br><br>(b) a greater quantity of any article than he is authorised to have","name=ADULT_51_12A; nomisCode=51:12A; paragraph=12; withOthersNomisCode=51:25A; applicableVersions=1|2"
"offence.offence_code / reported_offence.offence_code","14001","Sells or, without permission, delivers to any person any article which he is allowed to have only for his own use","name=ADULT_51_14; nomisCode=51:14; paragraph=14; withOthersNomisCode=51:25J; applicableVersions=1|2"
"offence.offence_code / reported_offence.offence_code","13001","Sells or delivers to any person any unauthorised article","name=ADULT_51_13B; nomisCode=51:13B; paragraph=13; withOthersNomisCode=51:25J; applicableVersions=1|2"
"offence.offence_code / reported_offence.offence_code","15001","Takes improperly any article belonging to another person or to a prison","name=ADULT_51_15; nomisCode=51:15; paragraph=15; withOthersNomisCode=51:25T; applicableVersions=1|2"
"offence.offence_code / reported_offence.offence_code","24001","Receives any controlled drug, pharmacy medicine, prescription only medicine, psychoactive substance or specified substance or, without the consent of an officer, any other article, during the course of a visit (not being an interview such as is mentioned in rule 38)","name=ADULT_51_24; nomisCode=51:24; paragraph=24; withOthersNomisCode=51:25Y; applicableVersions=1|2"
"offence.offence_code / reported_offence.offence_code","24002","Receives any controlled drug, pharmacy medicine, prescription only medicine, psychoactive substance or specified substance or, without the consent of an officer, any other article, during the course of a visit (not being an interview such as is mentioned in rule 38)","name=ADULT_51_24; nomisCode=51:24; paragraph=24; withOthersNomisCode=51:25Y; applicableVersions=1|2"
"offence.offence_code / reported_offence.offence_code","23001","Disobeys or fails to comply with any rule or regulation applying to him","name=ADULT_51_23AP; nomisCode=51:23AP; paragraph=23; withOthersNomisCode=51:25V; applicableVersions=1|2"
"offence.offence_code / reported_offence.offence_code","23201","Disobeys or fails to comply with any rule or regulation applying to him","name=ADULT_51_23AP; nomisCode=51:23AP; paragraph=23; withOthersNomisCode=51:25V; applicableVersions=1|2"
"offence.offence_code / reported_offence.offence_code","23002","Disobeys any lawful order","name=ADULT_51_25Z; nomisCode=51:25Z; paragraph=22; withOthersNomisCode=51:25Z; applicableVersions=1|2"
"offence.offence_code / reported_offence.offence_code","23202","Disobeys any lawful order","name=ADULT_51_25Z; nomisCode=51:25Z; paragraph=22; withOthersNomisCode=51:25Z; applicableVersions=1|2"
"offence.offence_code / reported_offence.offence_code","9001","Is found with any substance in his urine which demonstrates that a controlled drug, pharmacy medication, prescription only medicine, psychoactive substance or specified substance has, whether in prison or while on temporary release under rule 9, been administered to him by himself or by another person (but subject to Rule 52)","name=ADULT_51_9; nomisCode=51:9; paragraph=9; withOthersNomisCode=51:25U; applicableVersions=1|2"
"offence.offence_code / reported_offence.offence_code","9002","Is found with any substance in his urine which demonstrates that a controlled drug, pharmacy medication, prescription only medicine, psychoactive substance or specified substance has, whether in prison or while on temporary release under rule 9, been administered to him by himself or by another person (but subject to Rule 52)","name=ADULT_51_9; nomisCode=51:9; paragraph=9; withOthersNomisCode=51:25U; applicableVersions=1|2"
"offence.offence_code / reported_offence.offence_code","12101","Has in his possession:<br><br>(a) any unauthorised article, or<br><br>(b) a greater quantity of any article than he is authorised to have","name=ADULT_51_12AQ; nomisCode=51:12AQ; paragraph=12; withOthersNomisCode=51:25X; applicableVersions=1|2"
"offence.offence_code / reported_offence.offence_code","12102","Has in his possession:<br><br>(a) any unauthorised article, or<br><br>(b) a greater quantity of any article than he is authorised to have","name=ADULT_51_12AQ; nomisCode=51:12AQ; paragraph=12; withOthersNomisCode=51:25X; applicableVersions=1|2"
"offence.offence_code / reported_offence.offence_code","10001","Is intoxicated as a consequence of consuming any alcoholic beverage (but subject to rule 52A)","name=ADULT_51_10; nomisCode=51:10; paragraph=10; withOthersNomisCode=51:10; applicableVersions=1|2"
"offence.offence_code / reported_offence.offence_code","11001","Consumes any alcoholic beverage whether or not provided to him by another person (but subject to rule 52A)","name=ADULT_51_11; nomisCode=51:11; paragraph=11; withOthersNomisCode=51:11; applicableVersions=1|2"
"offence.offence_code / reported_offence.offence_code","16001","Intentionally or recklessly sets fire to any part of a prison or any other property, whether or not his own","name=ADULT_51_16; nomisCode=51:16; paragraph=16; withOthersNomisCode=51:25C; applicableVersions=1|2"
"offence.offence_code / reported_offence.offence_code","24101","Displays, attaches or draws on any part of a prison, or on any other property, threatening, abusive or insulting racist words, drawings, symbols or other material","name=ADULT_51_24A; nomisCode=51:24A; paragraph=24(a); withOthersNomisCode=51:25L; applicableVersions=1"
"offence.offence_code / reported_offence.offence_code","2410124","Displays, attaches or draws on any part of a prison, or on any other property, threatening, abusive or insulting words, drawings, symbols or other material, which demonstrate, or are motivated (wholly or partly) by, hostility to persons based on them sharing a protected characteristic","name=ADULT_51_24A_24; nomisCode=51:24A (24); paragraph=24(a); withOthersNomisCode=51:24A (24); applicableVersions=2"
"offence.offence_code / reported_offence.offence_code","17001","Causes racially aggravated damage to, or destruction of, any part of a prison or any other property, other than his own","name=ADULT_51_17A; nomisCode=51:17A; paragraph=17(a); withOthersNomisCode=51:17A; applicableVersions=1"
"offence.offence_code / reported_offence.offence_code","1700124","Causes damage to, or destruction of, any part of a prison or any other property, other than his own, aggravated by a protected characteristic","name=ADULT_51_17A_24; nomisCode=51:17A (24); paragraph=17(a); withOthersNomisCode=51:17A (24); applicableVersions=2"
"offence.offence_code / reported_offence.offence_code","17002","Destroys or damages any part of a prison or any other property, other than his own","name=ADULT_51_17; nomisCode=51:17; paragraph=17; withOthersNomisCode=51:17; applicableVersions=1|2"
"offence.offence_code / reported_offence.offence_code","19001","Is disrespectful to any officer, or any person (other than a prisoner) who is at the prison for the purpose of working there, or any person visiting a prison","name=ADULT_51_19B; nomisCode=51:19B; paragraph=19; withOthersNomisCode=51:25AE; applicableVersions=1|2"
"offence.offence_code / reported_offence.offence_code","19002","Is disrespectful to any officer, or any person (other than a prisoner) who is at the prison for the purpose of working there, or any person visiting a prison","name=ADULT_51_19C; nomisCode=51:19C; paragraph=19; withOthersNomisCode=51:25AF; applicableVersions=1|2"
"offence.offence_code / reported_offence.offence_code","19003","Is disrespectful to any officer, or any person (other than a prisoner) who is at the prison for the purpose of working there, or any person visiting a prison","name=ADULT_51_19A; nomisCode=51:19A; paragraph=19; withOthersNomisCode=51:25AD; applicableVersions=1|2"
"offence.offence_code / reported_offence.offence_code","20001","Uses threatening, abusive or insulting racist words or behaviour","name=ADULT_51_20A; nomisCode=51:20A; paragraph=20(a); withOthersNomisCode=51:20A; applicableVersions=1"
"offence.offence_code / reported_offence.offence_code","2000124","Uses threatening, abusive or insulting words or behaviour, which demonstrate, or are motivated (wholly or partly) by, hostility to persons based on them sharing a protected characteristic","name=ADULT_51_20A_24; nomisCode=51:20A (24); paragraph=20(a); withOthersNomisCode=51:20A (24); applicableVersions=2"
"offence.offence_code / reported_offence.offence_code","20002","Uses threatening, abusive or insulting words or behaviour","name=ADULT_51_20; nomisCode=51:20; paragraph=20; withOthersNomisCode=51:25AC; applicableVersions=1|2"
"offence.offence_code / reported_offence.offence_code","22001","Disobeys any lawful order","name=ADULT_51_22; nomisCode=51:22; paragraph=22; withOthersNomisCode=51:25W; applicableVersions=1|2"
"offence.offence_code / reported_offence.offence_code","23101","Disobeys or fails to comply with any rule or regulation applying to him","name=ADULT_51_23; nomisCode=51:23; paragraph=23; withOthersNomisCode=51:25AN; applicableVersions=1|2"
"offence.offence_code / reported_offence.offence_code","2001","Detains any person against his will","name=ADULT_51_2A; nomisCode=51:2A; paragraph=2; withOthersNomisCode=51:25K; applicableVersions=1|2"
"offence.offence_code / reported_offence.offence_code","2021","Detains any person against his will","name=ADULT_51_2A; nomisCode=51:2A; paragraph=2; withOthersNomisCode=51:25K; applicableVersions=1|2"
"offence.offence_code / reported_offence.offence_code","2002","Detains any person against his will","name=ADULT_51_2C; nomisCode=51:2C; paragraph=2; withOthersNomisCode=51:25M; applicableVersions=1|2"
"offence.offence_code / reported_offence.offence_code","2003","Detains any person against his will","name=ADULT_51_2D; nomisCode=51:2D; paragraph=2; withOthersNomisCode=51:25N; applicableVersions=1|2"
"offence.offence_code / reported_offence.offence_code","2004","Detains any person against his will","name=ADULT_51_2B; nomisCode=51:2B; paragraph=2; withOthersNomisCode=51:25L; applicableVersions=1|2"
"offence.offence_code / reported_offence.offence_code","3001","Denies access to any part of the prison to any officer or any person (other than a prisoner) who is at the prison for the purpose of working there","name=ADULT_51_3; nomisCode=51:3; paragraph=3; withOthersNomisCode=51:25H; applicableVersions=1|2"
"offence.offence_code / reported_offence.offence_code","6001","Intentionally obstructs an officer in the execution of his duty, or any person (other than a prisoner) who is at the prison for the purpose of working there, in the performance of his work","name=ADULT_51_6; nomisCode=51:6; paragraph=6; withOthersNomisCode=51:25R; applicableVersions=1|2"
"offence.offence_code / reported_offence.offence_code","18001","Absents himself from any place he is required to be or is present at any place where he is not authorised to be","name=ADULT_51_18A; nomisCode=51:18A; paragraph=18; withOthersNomisCode=51:25B; applicableVersions=1|2"
"offence.offence_code / reported_offence.offence_code","18002","Absents himself from any place he is required to be or is present at any place where he is not authorised to be","name=ADULT_51_18B; nomisCode=51:18B; paragraph=18; withOthersNomisCode=51:25AO; applicableVersions=1|2"
"offence.offence_code / reported_offence.offence_code","21001","Intentionally fails to work properly or, being required to work, refuses to do so","name=ADULT_51_21; nomisCode=51:21; paragraph=21; withOthersNomisCode=51:25AL; applicableVersions=1|2"
"offence.offence_code / reported_offence.offence_code","2600124","Fails to comply with any payback punishment","name=ADULT_51_23A_24; nomisCode=51:23A (24); paragraph=23(a); withOthersNomisCode=51:23A (24); applicableVersions=2"
"offence.offence_code / reported_offence.offence_code","1001","Commits any racially aggravated assault","name=YOI_55_2; nomisCode=55:2; paragraph=2; withOthersNomisCode=55:2; applicableVersions=1"
"offence.offence_code / reported_offence.offence_code","1003","Commits any racially aggravated assault","name=YOI_55_2; nomisCode=55:2; paragraph=2; withOthersNomisCode=55:2; applicableVersions=1"
"offence.offence_code / reported_offence.offence_code","1005","Commits any racially aggravated assault","name=YOI_55_2; nomisCode=55:2; paragraph=2; withOthersNomisCode=55:2; applicableVersions=1"
"offence.offence_code / reported_offence.offence_code","1021","Commits any racially aggravated assault","name=YOI_55_2; nomisCode=55:2; paragraph=2; withOthersNomisCode=55:2; applicableVersions=1"
"offence.offence_code / reported_offence.offence_code","1007","Commits any racially aggravated assault","name=YOI_55_2; nomisCode=55:2; paragraph=2; withOthersNomisCode=55:2; applicableVersions=1"
"offence.offence_code / reported_offence.offence_code","100124","Commits any assault aggravated by a protected characteristic","name=YOI_55_2_24; nomisCode=55:2 (24); paragraph=2; withOthersNomisCode=55:2 (24); applicableVersions=2"
"offence.offence_code / reported_offence.offence_code","100324","Commits any assault aggravated by a protected characteristic","name=YOI_55_2_24; nomisCode=55:2 (24); paragraph=2; withOthersNomisCode=55:2 (24); applicableVersions=2"
"offence.offence_code / reported_offence.offence_code","100524","Commits any assault aggravated by a protected characteristic","name=YOI_55_2_24; nomisCode=55:2 (24); paragraph=2; withOthersNomisCode=55:2 (24); applicableVersions=2"
"offence.offence_code / reported_offence.offence_code","102124","Commits any assault aggravated by a protected characteristic","name=YOI_55_2_24; nomisCode=55:2 (24); paragraph=2; withOthersNomisCode=55:2 (24); applicableVersions=2"
"offence.offence_code / reported_offence.offence_code","100724","Commits any assault aggravated by a protected characteristic","name=YOI_55_2_24; nomisCode=55:2 (24); paragraph=2; withOthersNomisCode=55:2 (24); applicableVersions=2"
"offence.offence_code / reported_offence.offence_code","1002","Commits any assault","name=YOI_55_1A; nomisCode=55:1A; paragraph=1; withOthersNomisCode=55:29D; applicableVersions=1|2"
"offence.offence_code / reported_offence.offence_code","1022","Commits any assault","name=YOI_55_1A; nomisCode=55:1A; paragraph=1; withOthersNomisCode=55:29D; applicableVersions=1|2"
"offence.offence_code / reported_offence.offence_code","102224","Commits any sexual assault","name=YOI_55_2A_24; nomisCode=55:2A (24); paragraph=2(a); withOthersNomisCode=55:2A (24); applicableVersions=2"
"offence.offence_code / reported_offence.offence_code","102324","Exposes himself, or commits any other indecent or obscene act","name=YOI_55_2B_24; nomisCode=55:2B (24); paragraph=2(b); withOthersNomisCode=55:2B (24); applicableVersions=2"
"offence.offence_code / reported_offence.offence_code","102424","Sexually harasses any person","name=YOI_55_2C_24; nomisCode=55:2C (24); paragraph=2(c); withOthersNomisCode=55:2C (24); applicableVersions=2"
"offence.offence_code / reported_offence.offence_code","1004","Commits any assault","name=YOI_55_1L; nomisCode=55:1L; paragraph=1; withOthersNomisCode=55:29F; applicableVersions=1|2"
"offence.offence_code / reported_offence.offence_code","1006","Commits any assault","name=YOI_55_1M; nomisCode=55:1M; paragraph=1; withOthersNomisCode=55:29G; applicableVersions=1|2"
"offence.offence_code / reported_offence.offence_code","1008","Commits any assault","name=YOI_55_1E; nomisCode=55:1E; paragraph=1; withOthersNomisCode=55:29E; applicableVersions=1|2"
"offence.offence_code / reported_offence.offence_code","4001","Fights with any person","name=YOI_55_5; nomisCode=55:5; paragraph=5; withOthersNomisCode=55:5; applicableVersions=1|2"
"offence.offence_code / reported_offence.offence_code","4002","Fights with any person","name=YOI_55_5; nomisCode=55:5; paragraph=5; withOthersNomisCode=55:5; applicableVersions=1|2"
"offence.offence_code / reported_offence.offence_code","4003","Fights with any person","name=YOI_55_5; nomisCode=55:5; paragraph=5; withOthersNomisCode=55:5; applicableVersions=1|2"
"offence.offence_code / reported_offence.offence_code","4004","Fights with any person","name=YOI_55_5; nomisCode=55:5; paragraph=5; withOthersNomisCode=55:5; applicableVersions=1|2"
"offence.offence_code / reported_offence.offence_code","4005","Fights with any person","name=YOI_55_5; nomisCode=55:5; paragraph=5; withOthersNomisCode=55:5; applicableVersions=1|2"
"offence.offence_code / reported_offence.offence_code","5001","Intentionally endangers the health or personal safety of others or, by his conduct, is reckless whether such health or personal safety is endangered","name=YOI_55_6; nomisCode=55:6; paragraph=6; withOthersNomisCode=55:29Q; applicableVersions=1|2"
"offence.offence_code / reported_offence.offence_code","5002","Intentionally endangers the health or personal safety of others or, by his conduct, is reckless whether such health or personal safety is endangered","name=YOI_55_6; nomisCode=55:6; paragraph=6; withOthersNomisCode=55:29Q; applicableVersions=1|2"
"offence.offence_code / reported_offence.offence_code","5003","Intentionally endangers the health or personal safety of others or, by his conduct, is reckless whether such health or personal safety is endangered","name=YOI_55_6; nomisCode=55:6; paragraph=6; withOthersNomisCode=55:29Q; applicableVersions=1|2"
"offence.offence_code / reported_offence.offence_code","5004","Intentionally endangers the health or personal safety of others or, by his conduct, is reckless whether such health or personal safety is endangered","name=YOI_55_6; nomisCode=55:6; paragraph=6; withOthersNomisCode=55:29Q; applicableVersions=1|2"
"offence.offence_code / reported_offence.offence_code","5005","Intentionally endangers the health or personal safety of others or, by his conduct, is reckless whether such health or personal safety is endangered","name=YOI_55_6; nomisCode=55:6; paragraph=6; withOthersNomisCode=55:29Q; applicableVersions=1|2"
"offence.offence_code / reported_offence.offence_code","7001","Escapes or absconds from a young offender institution or from legal custody","name=YOI_55_8; nomisCode=55:8; paragraph=8; withOthersNomisCode=55:29O; applicableVersions=1|2"
"offence.offence_code / reported_offence.offence_code","7002","Escapes or absconds from a young offender institution or from legal custody","name=YOI_55_8; nomisCode=55:8; paragraph=8; withOthersNomisCode=55:29O; applicableVersions=1|2"
"offence.offence_code / reported_offence.offence_code","8001","Fails to comply with any condition upon which he was temporarily released under rule 5 of these rules","name=YOI_55_9D; nomisCode=55:9D; paragraph=9; withOthersNomisCode=55:29AI; applicableVersions=1|2"
"offence.offence_code / reported_offence.offence_code","8002","Fails to comply with any condition upon which he was temporarily released under rule 5 of these rules","name=YOI_55_9E; nomisCode=55:9E; paragraph=9; withOthersNomisCode=55:29AJ; applicableVersions=1|2"
"offence.offence_code / reported_offence.offence_code","12001","Has in his possession:<br><br>(a) any unauthorised article, or<br><br>(b) a greater quantity of any article than he is authorised to have","name=YOI_55_13; nomisCode=55:13; paragraph=13; withOthersNomisCode=55:29AM; applicableVersions=1|2"
"offence.offence_code / reported_offence.offence_code","12002","Has in his possession:<br><br>(a) any unauthorised article, or<br><br>(b) a greater quantity of any article than he is authorised to have","name=YOI_55_13A; nomisCode=55:13A; paragraph=13; withOthersNomisCode=55:29AH; applicableVersions=1|2"
"offence.offence_code / reported_offence.offence_code","14001","Sells or, without permission, delivers to any person any article which he is allowed to have only for his own use","name=YOI_55_15; nomisCode=55:15; paragraph=15; withOthersNomisCode=55:29J; applicableVersions=1|2"
"offence.offence_code / reported_offence.offence_code","13001","Sells or delivers to any person any unauthorised article","name=YOI_55_14B; nomisCode=55:14B; paragraph=14; withOthersNomisCode=55:29J; applicableVersions=1|2"
"offence.offence_code / reported_offence.offence_code","15001","Takes improperly any article belonging to another person or to a young offender institution","name=YOI_55_16; nomisCode=55:16; paragraph=16; withOthersNomisCode=55:29T; applicableVersions=1|2"
"offence.offence_code / reported_offence.offence_code","24001","Receives any controlled drug, pharmacy medicine, prescription only medicine, psychoactive substance or specified substance or, without the consent of an officer, any other article, during the course of a visit (not being an interview such as is mentioned in rule 16)","name=YOI_55_27; nomisCode=55:27; paragraph=27; withOthersNomisCode=55:29Y; applicableVersions=1|2"
"offence.offence_code / reported_offence.offence_code","24002","Receives any controlled drug, pharmacy medicine, prescription only medicine, psychoactive substance or specified substance or, without the consent of an officer, any other article, during the course of a visit (not being an interview such as is mentioned in rule 16)","name=YOI_55_27; nomisCode=55:27; paragraph=27; withOthersNomisCode=55:29Y; applicableVersions=1|2"
"offence.offence_code / reported_offence.offence_code","23001","Disobeys or fails to comply with any rule or regulation applying to him","name=YOI_55_26B; nomisCode=55:26B; paragraph=26; withOthersNomisCode=55:29V; applicableVersions=1|2"
"offence.offence_code / reported_offence.offence_code","23201","Disobeys or fails to comply with any rule or regulation applying to him","name=YOI_55_26B; nomisCode=55:26B; paragraph=26; withOthersNomisCode=55:29V; applicableVersions=1|2"
"offence.offence_code / reported_offence.offence_code","23002","Disobeys any lawful order","name=YOI_55_26C; nomisCode=55:26C; paragraph=25; withOthersNomisCode=55:29Z; applicableVersions=1|2"
"offence.offence_code / reported_offence.offence_code","23202","Disobeys any lawful order","name=YOI_55_26C; nomisCode=55:26C; paragraph=25; withOthersNomisCode=55:29Z; applicableVersions=1|2"
"offence.offence_code / reported_offence.offence_code","9001","Is found with any substance in his urine which demonstrates that a controlled drug, pharmacy medication, prescription only medicine, psychoactive substance or specified substance has, whether in prison or while on temporary release under rule 5, been administered to him by himself or by another person (but subject to Rule 56)","name=YOI_55_10; nomisCode=55:10; paragraph=10; withOthersNomisCode=55:29U; applicableVersions=1|2"
"offence.offence_code / reported_offence.offence_code","9002","Is found with any substance in his urine which demonstrates that a controlled drug, pharmacy medication, prescription only medicine, psychoactive substance or specified substance has, whether in prison or while on temporary release under rule 5, been administered to him by himself or by another person (but subject to Rule 56)","name=YOI_55_10; nomisCode=55:10; paragraph=10; withOthersNomisCode=55:29U; applicableVersions=1|2"
"offence.offence_code / reported_offence.offence_code","12101","Has in his possession:<br><br>(a) any unauthorised article, or<br><br>(b) a greater quantity of any article than he is authorised to have","name=YOI_55_13C; nomisCode=55:13C; paragraph=13; withOthersNomisCode=55:29X; applicableVersions=1|2"
"offence.offence_code / reported_offence.offence_code","12102","Has in his possession:<br><br>(a) any unauthorised article, or<br><br>(b) a greater quantity of any article than he is authorised to have","name=YOI_55_13B; nomisCode=55:13B; paragraph=13; withOthersNomisCode=55:29X; applicableVersions=1|2"
"offence.offence_code / reported_offence.offence_code","10001","Is intoxicated as a consequence of knowingly consuming any alcoholic beverage","name=YOI_55_11; nomisCode=55:11; paragraph=11; withOthersNomisCode=55:11; applicableVersions=1|2"
"offence.offence_code / reported_offence.offence_code","11001","Knowingly consumes any alcoholic beverage, other than any provided to him pursuant to a written order of the medical officer under rule 21(1)","name=YOI_55_12; nomisCode=55:12; paragraph=12; withOthersNomisCode=55:12; applicableVersions=1|2"
"offence.offence_code / reported_offence.offence_code","16001","Intentionally or recklessly sets fire to any part of a young offender institution or any other property, whether or not his own","name=YOI_55_17; nomisCode=55:17; paragraph=17; withOthersNomisCode=55:29C; applicableVersions=1|2"
"offence.offence_code / reported_offence.offence_code","24101","Displays, attaches or draws on any part of a young offender institution, or on any other property, threatening, abusive, or insulting racist words, drawings, symbols or other material","name=YOI_55_28; nomisCode=55:28; paragraph=28; withOthersNomisCode=55:29I; applicableVersions=1"
"offence.offence_code / reported_offence.offence_code","2410124","Displays, attaches or draws on any part of a young offender institution, or on any other property, threatening, abusive or insulting words, drawings, symbols or other material, which demonstrate, or are motivated (wholly or partly) by, hostility to persons based on them sharing a protected characteristic","name=YOI_55_28_24; nomisCode=55:28 (24); paragraph=28; withOthersNomisCode=55:28 (24); applicableVersions=2"
"offence.offence_code / reported_offence.offence_code","17001","Causes racially aggravated damage to, or destruction of, any part of a young offender institution or any other property, other than his own","name=YOI_55_19; nomisCode=55:19; paragraph=19; withOthersNomisCode=55:19; applicableVersions=1"
"offence.offence_code / reported_offence.offence_code","1700124","Causes damage to, or destruction of, any part of a young offender institution or any other property, other than his own, aggravated by a protected characteristic","name=YOI_55_19_24; nomisCode=55:19 (24); paragraph=19; withOthersNomisCode=55:19 (24); applicableVersions=2"
"offence.offence_code / reported_offence.offence_code","17002","Destroys or damages any part of a young offender institution or any other property other than his own","name=YOI_55_18; nomisCode=55:18; paragraph=18; withOthersNomisCode=55:18; applicableVersions=1|2"
"offence.offence_code / reported_offence.offence_code","19001"," Is disrespectful to any officer, or any person (other than an inmate) who is at the young offender institution for the purpose of working there, or any person visiting a young offender institution","name=YOI_55_21B; nomisCode=55:21B; paragraph=21; withOthersNomisCode=55:29AE; applicableVersions=1|2"
"offence.offence_code / reported_offence.offence_code","19002"," Is disrespectful to any officer, or any person (other than an inmate) who is at the young offender institution for the purpose of working there, or any person visiting a young offender institution","name=YOI_55_21C; nomisCode=55:21C; paragraph=21; withOthersNomisCode=55:29AF; applicableVersions=1|2"
"offence.offence_code / reported_offence.offence_code","19003"," Is disrespectful to any officer, or any person (other than an inmate) who is at the young offender institution for the purpose of working there, or any person visiting a young offender institution","name=YOI_55_21A; nomisCode=55:21A; paragraph=21; withOthersNomisCode=55:29AD; applicableVersions=1|2"
"offence.offence_code / reported_offence.offence_code","20001","Uses threatening, abusive or insulting racist words or behaviour","name=YOI_55_23; nomisCode=55:23; paragraph=23; withOthersNomisCode=55:23; applicableVersions=1"
"offence.offence_code / reported_offence.offence_code","2000124","Uses threatening, abusive or insulting words or behaviour, which demonstrate, or are motivated (wholly or partly) by, hostility to persons based on them sharing a protected characteristic","name=YOI_55_23_24; nomisCode=55:23 (24); paragraph=23; withOthersNomisCode=55:23 (24); applicableVersions=2"
"offence.offence_code / reported_offence.offence_code","20002","Uses threatening, abusive or insulting words or behaviour","name=YOI_55_22; nomisCode=55:22; paragraph=22; withOthersNomisCode=55:29AC; applicableVersions=1|2"
"offence.offence_code / reported_offence.offence_code","22001","Disobeys any lawful order","name=YOI_55_25; nomisCode=55:25; paragraph=25; withOthersNomisCode=55:29W; applicableVersions=1|2"
"offence.offence_code / reported_offence.offence_code","23101","Disobeys or fails to comply with any rule or regulation applying to him","name=YOI_55_26; nomisCode=55:26; paragraph=26; withOthersNomisCode=55:29AI; applicableVersions=1|2"
"offence.offence_code / reported_offence.offence_code","2001","Detains any person against his will","name=YOI_55_3A; nomisCode=55:3A; paragraph=3; withOthersNomisCode=55:29K; applicableVersions=1|2"
"offence.offence_code / reported_offence.offence_code","2021","Detains any person against his will","name=YOI_55_3A; nomisCode=55:3A; paragraph=3; withOthersNomisCode=55:29K; applicableVersions=1|2"
"offence.offence_code / reported_offence.offence_code","2002","Detains any person against his will","name=YOI_55_3C; nomisCode=55:3C; paragraph=3; withOthersNomisCode=55:29M; applicableVersions=1|2"
"offence.offence_code / reported_offence.offence_code","2003","Detains any person against his will","name=YOI_55_3D; nomisCode=55:3D; paragraph=3; withOthersNomisCode=55:29N; applicableVersions=1|2"
"offence.offence_code / reported_offence.offence_code","2004","Detains any person against his will","name=YOI_55_3B; nomisCode=55:3B; paragraph=3; withOthersNomisCode=55:29L; applicableVersions=1|2"
"offence.offence_code / reported_offence.offence_code","3001","Denies access to any part of the young offender institution to any officer or any person (other than an inmate) who is at the young offender institution for the purpose of working there","name=YOI_55_4; nomisCode=55:4; paragraph=4; withOthersNomisCode=55:29H; applicableVersions=1|2"
"offence.offence_code / reported_offence.offence_code","6001","Intentionally obstructs an officer in the execution of his duty, or any person (other than an inmate) who is at the young offender institution for the purpose of working there, in the performance of his work","name=YOI_55_7; nomisCode=55:7; paragraph=7; withOthersNomisCode=55:29R; applicableVersions=1|2"
"offence.offence_code / reported_offence.offence_code","18001","Absents himself from any place where he is required to be or is present at any place where he is not authorised to be","name=YOI_55_20A; nomisCode=55:20A; paragraph=20; withOthersNomisCode=55:29AB; applicableVersions=1|2"
"offence.offence_code / reported_offence.offence_code","18002","Absents himself from any place where he is required to be or is present at any place where he is not authorised to be","name=YOI_55_20B; nomisCode=55:20B; paragraph=20; withOthersNomisCode=55:29AO; applicableVersions=1|2"
"offence.offence_code / reported_offence.offence_code","21001","Intentionally fails to work properly or, being required to work, refuses to do so","name=YOI_55_24; nomisCode=55:24; paragraph=24; withOthersNomisCode=55:29AL; applicableVersions=1|2"
"offence.offence_code / reported_offence.offence_code","2600124","Fails to comply with any payback punishment","name=YOI_55_26A_24; nomisCode=55:26A (24); paragraph=26(a); withOthersNomisCode=55:26A (24); applicableVersions=2"
"offence.offence_code / reported_offence.offence_code","0","","name=MIGRATED_OFFENCE; nomisCode=; paragraph=; withOthersNomisCode=; applicableVersions=1|2"
